id,table,row_id,source_key,locator,hathitrust_seq,quote,confidence,verification
1484,biography,483,nnc1-cu04805356,卷七 seq 447–555,447,孔子年系,high,primary_checked
1485,biography,484,nnc1-cu04805356,卷七 seq 453–454,454,到叔梁為齊國公顏氏魯國太夫人,high,primary_checked
1486,biography,485,nnc1-cu04805356,卷七 seq 455,455,又按孟皮子名出家語作弗字子蔑,high,primary_checked
1487,biography,486,nnc1-cu04805356,卷七 seq 554–555,554,於壽堂鯉字伯魚,high,primary_checked
1488,biography,487,nnc1-cu04805356,卷八 seq 564–571,564,顔同字子淵,high,primary_checked
1489,biography,488,nnc1-cu04805356,卷八 seq 572–582,572,其武城會城字,high,primary_checked
1490,biography,489,nnc1-cu04805356,卷九 seq 583–588,583,丁子思伯魚之子,high,primary_checked
1491,biography,490,nnc1-cu04805356,卷九 seq 588–596,588,孟轲字子興,high,primary_checked
1492,biography,491,nnc1-cu04805356,卷十 seq 597–601,597,閔損孔子十五歲,high,primary_checked
1493,biography,492,nnc1-cu04805356,卷十 seq 601–603,601,耕字伯牛,high,primary_checked
1494,biography,493,nnc1-cu04805356,卷十 seq 603–605,603,字仲弓,high,primary_checked
1495,biography,494,nnc1-cu04805356,卷十 seq 606–611,606,宰予宇子我,high,primary_checked
1496,biography,495,nnc1-cu04805356,卷十 seq 611–620,612,子貢問於孔子曰君子之所以見大水,high,primary_checked
1497,biography,496,nnc1-cu04805356,卷十 seq 621–624,623,是冉求之行也,high,primary_checked
1498,biography,497,nnc1-cu04805356,卷十 seq 624–632,624,仲由字子路,high,primary_checked
1499,biography,498,nnc1-cu04805356,卷十 seq 632–635,632,言偃字子游,high,primary_checked
1500,biography,499,nnc1-cu04805356,卷十 seq 636–647,637,子夏問書大義,high,primary_checked
1501,biography,500,nnc1-cu04805356,卷十 seq 647–651,648,孔子謂子張日,high,primary_checked
1502,biography,501,nnc1-cu04805356,卷十 seq 652–657,652,有子之言似夫子也,high,primary_checked
1503,biography,502,nnc1-cu04805356,卷十一 seq 665–667,665,是澹臺滅明之,high,primary_checked
1504,biography,503,nnc1-cu04805356,卷十一 seq 667–673,667,不齊字子賤,high,primary_checked
1505,biography,504,nnc1-cu04805356,卷十一 seq 673–675,674,原憲居曾環堵之室,high,primary_checked
1506,biography,505,nnc1-cu04805356,卷十一 seq 675,675,公冶長字子長被,high,primary_checked
1507,biography,506,nnc1-cu04805356,卷十一 seq 676–683,676,南宮适字子容,high,primary_checked
1508,biography,507,nnc1-cu04805356,卷十一 seq 684,684,公哲哀字不,high,primary_checked
1509,biography,508,nnc1-cu04805356,卷十一 seq 684–685,684,會點字子,high,primary_checked
1510,biography,509,nnc1-cu04805356,卷十一 seq 685,685,季路駛紀領無,high,primary_checked
1511,biography,510,nnc1-cu04805356,卷十一 seq 685–691,685,商瞿字子木魯人,high,primary_checked
1512,biography,511,nnc1-cu04805356,卷十一 seq 691–693,691,高术字子盖,high,primary_checked
1513,biography,512,nnc1-cu04805356,卷十一 seq 693–695,693,未嘗越禮添離開字子開,high,primary_checked
1514,biography,513,nnc1-cu04805356,卷十一 seq 695–696,695,馬耕字子牛被,high,primary_checked
1515,biography,514,nnc1-cu04805356,卷十一 seq 696–697,696,須字子,high,primary_checked
1516,biography,515,nnc1-cu04805356,卷十一 seq 697–698,697,西赤字子華,high,primary_checked
1517,biography,516,nnc1-cu04805356,卷十一 seq 698–700,698,馬馬施字子期,high,primary_checked
1518,biography,517,nnc1-cu04805356,卷十一 seq 700–701,700,梁麵字叔魚,high,primary_checked
1520,biography,519,nnc1-cu04805356,卷十一 seq 701–702,701,再孺学子魯,high,primary_checked
1519,biography,518,nnc1-cu04805356,卷十一 seq 701,701,顏幸字了柳,high,primary_checked
1523,biography,522,nnc1-cu04805356,卷十一 seq 702–704,702,子石子不學詩乎,high,primary_checked
1522,biography,521,nnc1-cu04805356,卷十一 seq 702,702,彝尊日伯虎史記家語不著何地人,high,primary_checked
1521,biography,520,nnc1-cu04805356,卷十一 seq 702,702,沭繫記析繫記循,high,primary_checked
1527,biography,526,nnc1-cu04805356,卷十二 seq 707–708,707,家語作侈魯人,high,primary_checked
1526,biography,525,nnc1-cu04805356,卷十二 seq 707,707,秦祖字子鄭,high,primary_checked
1525,biography,524,nnc1-cu04805356,卷十二 seq 707,707,公祖句兹字子之,high,primary_checked
1524,biography,523,nnc1-cu04805356,卷十二 seq 707,707,季字子產,high,primary_checked
1528,biography,527,nnc1-cu04805356,卷十二 seq 708–709,708,鄭氏還日顏刻家語作頗克,high,primary_checked
1529,biography,528,nnc1-cu04805356,卷十二 seq 709–710,709,漆雕徒父字子文,high,primary_checked
1530,biography,529,nnc1-cu04805356,卷十二 seq 710,710,张娜赤字子徒,high,primary_checked
1531,biography,530,nnc1-cu04805356,卷十二 seq 711,711,高澤益誤又引家語云,high,primary_checked
1532,biography,531,nnc1-cu04805356,卷十二 seq 711,711,有蜀蜀氏魯,high,primary_checked
1533,biography,532,nnc1-cu04805356,卷十二 seq 711,711,今孺 五鄭子 任子,high,primary_checked
1535,biography,534,nnc1-cu04805356,卷十二 seq 712,712,后處字子里,high,primary_checked
1537,biography,536,nnc1-cu04805356,卷十二 seq 712,712,記夏首字子,high,primary_checked
1536,biography,535,nnc1-cu04805356,卷十二 seq 712,712,秦书字子開,high,primary_checked
1534,biography,533,nnc1-cu04805356,卷十二 seq 711–712,712,按史記公民孺在不見書傳四十二人之中,high,primary_checked
1538,biography,537,nnc1-cu04805356,卷十二 seq 713,713,氏族大全笑奚仲之後,high,primary_checked
1539,biography,538,nnc1-cu04805356,卷十二 seq 713–714,714,公肩子當即子中又檀弓有公肩假,high,primary_checked
1540,biography,539,nnc1-cu04805356,卷十二 seq 714,714,記顏祖字子裏,high,primary_checked
1541,biography,540,nnc1-cu04805356,卷十二 seq 714–715,714,點單字子家,high,primary_checked
1543,biography,542,nnc1-cu04805356,卷十二 seq 715–716,715,罕父黑字子索,high,primary_checked
1542,biography,541,nnc1-cu04805356,卷十二 seq 715,715,句井疆学子疆,high,primary_checked
1544,biography,543,nnc1-cu04805356,卷十二 seq 716–717,717,鄭氏環日秦祖秦商史記家語石室皆有之,high,primary_checked
1545,biography,544,nnc1-cu04805356,卷十二 seq 718–721,718,又有申根申堂但是後人以所見增益,high,primary_checked
1546,biography,545,nnc1-cu04805356,卷十二 seq 721,721,唐顏之僕字,high,primary_checked
1547,biography,546,nnc1-cu04805356,卷十二 seq 721,721,作榮祁字子祺唐禮志作子旗,high,primary_checked
1550,biography,549,nnc1-cu04805356,卷十二 seq 722,722,燕饭字子思,high,primary_checked
1548,biography,547,nnc1-cu04805356,卷十二 seq 722,722,說左人郢字子行,high,primary_checked
1549,biography,548,nnc1-cu04805356,卷十二 seq 722,722,鉅野伯宋贈武城侯城武侯,high,primary_checked
1551,biography,550,nnc1-cu04805356,卷十二 seq 722–723,722,鄭國字子徒,high,primary_checked
1552,biography,551,nnc1-cu04805356,卷十二 seq 723,723,泰非字子之,high,primary_checked
1553,biography,552,nnc1-cu04805356,卷十二 seq 723,723,施之常子常鄭氏,high,primary_checked
1554,biography,553,nnc1-cu04805356,卷十二 seq 724,724,顏喻字子聲,high,primary_checked
1555,biography,554,nnc1-cu04805356,卷十二 seq 724,724,步叔乘字子車,high,primary_checked
1556,biography,555,nnc1-cu04805356,卷十二 seq 725,725,原元字子,high,primary_checked
1557,biography,556,nnc1-cu04805356,卷十二 seq 725,725,藥款字了聲,high,primary_checked
1558,biography,557,nnc1-cu04805356,卷十二 seq 725,725,廉潔字子庸,high,primary_checked
1559,biography,558,nnc1-cu04805356,卷十二 seq 726,726,叔仲會字子期,high,primary_checked
1560,biography,559,nnc1-cu04805356,卷十二 seq 726–727,726,顏何字子,high,primary_checked
1562,biography,561,nnc1-cu04805356,卷十二 seq 728,728,各巽人黑,high,primary_checked
1563,biography,562,nnc1-cu04805356,卷十二 seq 728,728,日兄孔蔑史選,high,primary_checked
1561,biography,560,nnc1-cu04805356,卷十二 seq 728,728,衛狄,high,primary_checked
1565,biography,564,nnc1-cu04805356,卷十二 seq 729,729,公西藏字子上,high,primary_checked
1564,biography,563,nnc1-cu04805356,卷十二 seq 729,729,公西典如字子上,high,primary_checked
1566,biography,565,nnc1-cu04805356,卷十二 seq 730,730,琴牢與宗魯傳作琴張,high,primary_checked
1567,biography,566,nnc1-cu04805356,卷十二 seq 731,731,陳元字子禽,high,primary_checked
1568,biography,567,nnc1-cu04805356,卷十二 seq 732,732,縣豐廣韻注作每,high,primary_checked
1569,biography,568,nnc1-cu04805356,卷十二 seq 732–734,733,孔氏繼汾日林放自魯論問禮一事外他無所表見,high,primary_checked
1570,biography,569,nnc1-cu04805356,卷十二 seq 734,734,牧皮行與二人同皆事孔子學者也,high,primary_checked
1571,biography,570,nnc1-cu04805356,卷十三 seq 741–747,741,魯君子左邱明懼弟子,high,primary_checked
1572,biography,571,nnc1-cu04805356,卷十三 seq 747–749,747,公羊高齊人子夏弟子受經於子夏,high,primary_checked
1573,biography,572,nnc1-cu04805356,卷十三 seq 747–749,747,穀梁赤魯,high,primary_checked
1574,biography,573,nnc1-cu04805356,卷十四 seq 759–760,759,穎志公明儀魯南武城人也,high,primary_checked
1575,biography,574,nnc1-cu04805356,卷十四 seq 760–761,761,樂正子春年九十实使其孫克學於孟子,high,primary_checked
1577,biography,576,nnc1-cu04805356,卷十四 seq 761,761,外書孟母之喪公都或治鍵,high,primary_checked
1576,biography,575,nnc1-cu04805356,卷十四 seq 761–762,761,萬章從游於牛山之上,high,primary_checked
1578,biography,577,nnc1-cu04805356,卷十四 seq 762–763,762,公孫丑孟子弟子,high,primary_checked
1579,biography,578,nnc1-cu04805364,卷十八 seq 33–35,33,公孫僑字子產一字子美鄭公子發子國之子,high,primary_checked
1580,biography,579,nnc1-cu04805364,卷十八 seq 35–37,35,護環字伯王衛大夫也,high,primary_checked
1581,biography,580,nnc1-cu04805364,卷十九 seq 39–40,39,勝濟南人也故為秦博士漢文帝時欲求能治尚書者,high,primary_checked
1582,biography,581,nnc1-cu04805364,卷十九 seq 40–41,40,孔安國字子國孔子十二世孫也,high,primary_checked
1584,biography,583,nnc1-cu04805364,卷十九 seq 47–49,47,毛茛趙人子夏授詩數傳至毛亨是為大毛公,high,primary_checked
1583,biography,582,nnc1-cu04805364,卷十九 seq 47–49,47,毛亨河間人或日魯人,high,primary_checked
1585,biography,584,nnc1-cu04805364,卷十九 seq 54–55,54,高堂生字伯魯人漢興諸學者多言禮,high,primary_checked
1587,biography,586,nnc1-cu04805364,卷十九 seq 55–56,55,莊子春河南縱氏人永平初年且九十,high,primary_checked
1586,biography,585,nnc1-cu04805364,卷十九 seq 55,55,后蒼字近君東海鄰人也事夏侯始昌,high,primary_checked
1588,biography,587,nnc1-cu04805364,卷二十 seq 61–86,61,董仲舒廣川人也少治春秋,high,primary_checked
1589,biography,588,nnc1-cu04805364,卷二十 seq 86–91,86,鄭元字康成北海高密人也,high,primary_checked
1590,biography,589,nnc1-cu04805364,卷二十一 seq 93–110,93,諸葛亮字孔明琅邪陽都人,high,primary_checked
1591,biography,590,nnc1-cu04805364,卷二十二 seq 117–121,117,把带字武子南陽順陽人也,high,primary_checked
1592,biography,591,nnc1-cu04805364,卷二十二 seq 121–125,121,王通字仲淹河東龍門人,high,primary_checked
1593,biography,592,nnc1-cu04805364,卷二十三 seq 127–157,127,贊字敬舆蘇州嘉興人十八第進士中博學宏辭,high,primary_checked
1594,biography,593,nnc1-cu04805364,卷二十四 seq 159–168,159,韓愈字退之鄧州南陽,high,primary_checked
1595,biography,594,nnc1-cu04805364,卷二十五 seq 169–185,169,韓琦字稚圭相州安陽人,high,primary_checked
1596,biography,595,nnc1-cu04805364,卷二十五 seq 185–200,185,范仲淹字希文唐宰相履冰之後,high,primary_checked
1597,biography,596,nnc1-cu04805364,卷二十五 seq 200–212,200,歐陽修字永叔廬陵人,high,primary_checked
1598,biography,597,nnc1-cu04805364,卷二十六 seq 213–216,213,從祀傳略胡瑗字,high,primary_checked
1599,biography,598,nnc1-cu04805364,卷二十七 seq 217–220,217,字茂叔道州營道人本名致實避英宗舊諱改焉,high,primary_checked
1600,biography,599,nnc1-cu04805364,卷二十七 seq 220–223,220,程殉字伯温世居中山曾祖羽太宗朝官三司使,high,primary_checked
1601,biography,600,nnc1-cu04805364,卷二十七 seq 223–235,223,就字伯湾十歲賦韵貪泉詩,high,primary_checked
1602,biography,601,nnc1-cu04805364,卷二十七 seq 236–243,236,頗字正叔年十八上書閣下欲天子點世俗之論,high,primary_checked
1603,biography,602,nnc1-cu04805364,卷二十八 seq 247–252,247,載字子厚世大梁人父迪仕仁宗朝終知治州事,high,primary_checked
1604,biography,603,nnc1-cu04805364,卷二十八 seq 253–257,253,邵雍字堯夫其先范陽人,high,primary_checked
1605,biography,604,nnc1-cu04805364,卷二十九 seq 265–287,265,司馬光字沽實晉安平獻王子之後,high,primary_checked
1606,biography,605,nnc1-cu04805364,卷三十 seq 289–297,289,楊時字中立南劍將樂人,high,primary_checked
1607,biography,606,nnc1-cu04805364,卷三十 seq 297–299,297,謝良佐字顯道壽春上蔡人,high,primary_checked
1608,biography,607,nnc1-cu04805364,卷三十 seq 300–305,300,尹婷字彥明一字德克世為洛人,high,primary_checked
1609,biography,608,nnc1-cu04805364,卷三十 seq 305–308,305,羅從彥字仲素南劍羅源人,high,primary_checked
1610,biography,609,nnc1-cu04805364,卷三十 seq 308–312,308,季何字恩中南劍州劍浦人,high,primary_checked
1611,biography,610,nnc1-cu04805364,卷三十一 seq 313–326,313,胡安國字康侯建常崇安人,high,primary_checked
1612,biography,611,nnc1-cu04805364,卷三十二 seq 329–365,329,季綱字伯紀邵武人也自其祖始居無錫,high,primary_checked
1613,biography,612,nnc1-cu04805364,卷三十三 seq 367–369,367,朱松字喬年徽州婺源人,high,primary_checked
1614,biography,613,nnc1-cu04805364,卷三十三 seq 369–397,369,熹字元晦一字仲晦,high,primary_checked
1615,biography,614,nnc1-cu04805364,卷三十四 seq 405–413,405,张学敬夫漢州縣竹人丞相浚子也,high,primary_checked
1616,biography,615,nnc1-cu04805364,卷三十四 seq 413–417,413,呂祖謙字伯恭申國公公著之元孫,high,primary_checked
1617,biography,616,nnc1-cu04805364,卷三十四 seq 417–422,417,陸九淵字子靜撫州金舞人,high,primary_checked
1618,biography,617,nnc1-cu04805364,卷三十四 seq 423–425,423,袁變字和权慶元府鄞縣人,high,primary_checked
1619,biography,618,nnc1-cu04805364,卷三十五 seq 427–430,427,蔡元定字季通建州建陽人,high,primary_checked
1620,biography,619,nnc1-cu04805364,卷三十五 seq 430–431,430,沈字仲默元定子也,high,primary_checked
1621,biography,620,nnc1-cu04805364,卷三十五 seq 431–440,431,餘字直卿福州閩縣人,high,primary_checked
1622,biography,621,nnc1-cu04805364,卷三十五 seq 440–445,440,陳滄字安卿漳州龍溪人,high,primary_checked
1623,biography,622,nnc1-cu04805364,卷三十六 seq 447–459,447,真德秀字景元後更為希元建之浦城人,high,primary_checked
1624,biography,623,nnc1-cu04805364,卷三十六 seq 460–470,460,了翁字準父邓州蒲江人,high,primary_checked
1625,biography,624,nnc1-cu04805364,卷三十七 seq 471–472,471,何基字子恭婺州金華人,high,primary_checked
1626,biography,625,nnc1-cu04805364,卷三十七 seq 473–475,473,王柏宇會之婺州金華人,high,primary_checked
1627,biography,626,nnc1-cu04805364,卷三十八 seq 477–490,477,文天祥字朱瑞又字履善,high,primary_checked
1628,biography,627,nnc1-cu04805364,卷三十八 seq 490–493,490,秀夫字君實楚州鹽城人,high,primary_checked
1629,biography,628,nnc1-cu04805364,卷三十九 seq 495–497,495,字仁市德安人也太宗乙未歲,high,primary_checked
1630,biography,629,nnc1-cu04805364,卷三十九 seq 497–506,497,許衡字仲平懷之河內人,high,primary_checked
1631,biography,630,nnc1-cu04805364,卷三十九 seq 506–511,506,吳澄字幼清無州崇仁人,high,primary_checked
1632,biography,631,nnc1-cu04805364,卷四十 seq 513–516,513,金履祥字吉父婺之蘭溪人,high,primary_checked
1633,biography,632,nnc1-cu04805364,卷四十 seq 516–519,516,許謙字益之其先京兆人,high,primary_checked
1634,biography,633,nnc1-cu04805364,卷四十 seq 520,520,陳浩字可大都昌人也,high,primary_checked
1635,biography,634,nnc1-cu04805364,卷四十一 seq 527–532,527,力孝字希直一字希古宵海人,high,primary_checked
1636,biography,635,nnc1-cu04805364,卷四十二 seq 533–535,533,曹端字正夫河南澠池,high,primary_checked
1637,biography,636,nnc1-cu04805364,卷四十二 seq 535–540,535,字德溫山西河津人,high,primary_checked
1638,biography,637,nnc1-cu04805364,卷四十三 seq 541–542,541,陳獻章字公甫廣東新會人,high,primary_checked
1639,biography,638,nnc1-cu04805364,卷四十三 seq 542–544,542,蔡清字介夫福建晉江人,high,primary_checked
1640,biography,639,nnc1-cu04805364,卷四十四 seq 545–546,545,初心仁字叔心江西餘千人,high,primary_checked
1641,biography,640,nnc1-cu04805364,卷四十四 seq 547–549,547,羅欽順字允升江西泰和人,high,primary_checked
1642,biography,641,nnc1-cu04805364,卷四十四 seq 549–551,549,呂梯字仲木陝西高陵人,high,primary_checked
1643,biography,642,nnc1-cu04805364,卷四十五 seq 553–569,553,王守仁字伯安浙江餘姚人,high,primary_checked
1644,biography,643,nnc1-cu04805364,卷四十六 seq 571–575,571,呂坤字叔簡一字心吾河南帝陵人,high,primary_checked
1645,biography,644,nnc1-cu04805364,卷四十六 seq 575–588,575,劉宗周字起東浙江山陰人,high,primary_checked
1646,biography,645,nnc1-cu04805364,卷四十六 seq 588–598,588,黄道周字幼平福建漳浦人,high,primary_checked
1647,biography,646,nnc1-cu04805364,卷四十七 seq 599–601,599,孫奇逢字啟泰一字鍾元直隸容城人,high,primary_checked
1648,biography,647,nnc1-cu04805364,卷四十七 seq 601–609,601,斌字孔侑一字潜庭河南睢州人,high,primary_checked
1649,biography,648,nnc1-cu04805364,卷四十七 seq 609–619,609,陸隴其初名龍其後改今名字祿書,high,primary_checked
1650,biography,649,nnc1-cu04805364,卷四十七 seq 619,619,張履祥字考夫浙江桐鄉人,high,primary_checked
229,roster,1,hvd-32044068331768,目錄,15,文廟通考目錄,high,primary_checked
1002,biography,1,hvd-32044068331768,seq 23–25,23,肇聖王孔氏太金父,high,primary_checked
233,name,3,hvd-32044068331768,"seq 23, 裕聖王",23,裕聖王孔氏所父,high,primary_checked
232,rosterentry,1,hvd-32044068331768,"seq 23, 肇聖王",23,肇聖王孔氏太金父,high,primary_checked
231,name,2,hvd-32044068331768,"seq 23, 肇聖王",23,肇聖王孔氏太金父,high,primary_checked
230,name,1,hvd-32044068331768,"seq 23, 肇聖王",23,肇聖王孔氏太金父,high,primary_checked
1003,biography,2,hvd-32044068331768,seq 23–25,23,裕聖王孔氏所父,high,primary_checked
1004,biography,3,hvd-32044068331768,seq 23–25,23,給聖王孔氏防叔,high,primary_checked
1005,biography,4,hvd-32044068331768,seq 23–25,23,昌聖王孔氏が夏,high,primary_checked
1006,biography,5,hvd-32044068331768,seq 23–25,23,啓聖王孔氏叔梁装,high,primary_checked
234,name,4,hvd-32044068331768,"seq 23, 裕聖王",23,裕聖王孔氏所父,high,primary_checked
235,rosterentry,2,hvd-32044068331768,"seq 23, 裕聖王",23,裕聖王孔氏所父,high,primary_checked
236,name,5,hvd-32044068331768,"seq 23, 詒聖王",23,給聖王孔氏防叔,high,primary_checked
237,name,6,hvd-32044068331768,"seq 23, 詒聖王",23,給聖王孔氏防叔,high,primary_checked
238,rosterentry,3,hvd-32044068331768,"seq 23, 詒聖王",23,給聖王孔氏防叔,high,primary_checked
239,name,7,hvd-32044068331768,"seq 23, 昌聖王",23,昌聖王孔氏が夏,high,primary_checked
240,name,8,hvd-32044068331768,"seq 23, 昌聖王",23,昌聖王孔氏が夏,high,primary_checked
241,rosterentry,4,hvd-32044068331768,"seq 23, 昌聖王",23,昌聖王孔氏が夏,high,primary_checked
242,name,9,hvd-32044068331768,"seq 23, 啓聖王",23,啓聖王孔氏叔梁装,high,primary_checked
243,name,10,hvd-32044068331768,"seq 23, 啓聖王",23,啓聖王孔氏叔梁装,high,primary_checked
244,rosterentry,5,hvd-32044068331768,"seq 23, 啓聖王",23,啓聖王孔氏叔梁装,high,primary_checked
1007,biography,6,hvd-32044068331768,seq 25–26,25,孔氏孟皮字伯尼孔子之兄,high,primary_checked
246,name,12,hvd-32044068331768,"seq 25, 先賢孔氏",25,孔氏孟皮字伯尼孔子之兄,high,primary_checked
247,name,13,hvd-32044068331768,"seq 25, 先賢孔氏",25,孔氏孟皮字伯尼孔子之兄,high,primary_checked
248,rosterentry,6,hvd-32044068331768,"seq 25, 先賢孔氏",25,孔氏孟皮字伯尼孔子之兄,high,primary_checked
245,name,11,hvd-32044068331768,"seq 25, 先賢孔氏",25,孔氏孟皮字伯尼孔子之兄,high,primary_checked
250,name,15,hvd-32044068331768,"seq 26, 先賢顏氏",26,顏氏名無繇字路顏子之父,high,primary_checked
254,name,18,hvd-32044068331768,"seq 26, 先賢孔氏",26,孔氏名鯉字伯魚孔子子也,high,primary_checked
252,rosterentry,7,hvd-32044068331768,"seq 26, 先賢顏氏",26,顏氏名無繇字路顏子之父,high,primary_checked
251,name,16,hvd-32044068331768,"seq 26, 先賢顏氏",26,顏氏名無繇字路顏子之父,high,primary_checked
256,rosterentry,8,hvd-32044068331768,"seq 26, 先賢孔氏",26,孔氏名鯉字伯魚孔子子也,high,primary_checked
255,name,19,hvd-32044068331768,"seq 26, 先賢孔氏",26,孔氏名鯉字伯魚孔子子也,high,primary_checked
253,name,17,hvd-32044068331768,"seq 26, 先賢孔氏",26,孔氏名鯉字伯魚孔子子也,high,primary_checked
1008,biography,7,hvd-32044068331768,seq 26–27,26,顏氏名無繇字路顏子之父,high,primary_checked
1009,biography,8,hvd-32044068331768,seq 26–27,26,孔氏名鯉字伯魚孔子子也,high,primary_checked
249,name,14,hvd-32044068331768,"seq 26, 先賢顏氏",26,顏氏名無繇字路顏子之父,high,primary_checked
261,name,23,hvd-32044068331768,"seq 27, 先賢孟孫氏",27,孟孫氏名激字公宜孟子之父,high,primary_checked
259,name,22,hvd-32044068331768,"seq 27, 先賢曾氏",27,會氏名點字晳會子之父,high,primary_checked
258,name,21,hvd-32044068331768,"seq 27, 先賢曾氏",27,會氏名點字晳會子之父,high,primary_checked
257,name,20,hvd-32044068331768,"seq 27, 先賢曾氏",27,會氏名點字晳會子之父,high,primary_checked
1012,biography,11,hvd-32044068331768,seq 27–28,27,周氏名輔臣字伯大敦頤之父,high,primary_checked
1010,biography,9,hvd-32044068331768,seq 27–28,27,會氏名點字晳會子之父,high,primary_checked
1011,biography,10,hvd-32044068331768,seq 27–28,27,孟孫氏名激字公宜孟子之父,high,primary_checked
268,rosterentry,11,hvd-32044068331768,"seq 27, 先儒周氏",27,周氏名輔臣字伯大敦頤之父,high,primary_checked
267,name,28,hvd-32044068331768,"seq 27, 先儒周氏",27,周氏名輔臣字伯大敦頤之父,high,primary_checked
266,name,27,hvd-32044068331768,"seq 27, 先儒周氏",27,周氏名輔臣字伯大敦頤之父,high,primary_checked
265,name,26,hvd-32044068331768,"seq 27, 先儒周氏",27,周氏名輔臣字伯大敦頤之父,high,primary_checked
264,rosterentry,10,hvd-32044068331768,"seq 27, 先賢孟孫氏",27,孟孫氏名激字公宜孟子之父,high,primary_checked
263,name,25,hvd-32044068331768,"seq 27, 先賢孟孫氏",27,孟孫氏名激字公宜孟子之父,high,primary_checked
262,name,24,hvd-32044068331768,"seq 27, 先賢孟孫氏",27,孟孫氏名激字公宜孟子之父,high,primary_checked
260,rosterentry,9,hvd-32044068331768,"seq 27, 先賢曾氏",27,會氏名點字晳會子之父,high,primary_checked
1013,biography,12,hvd-32044068331768,seq 28–31,28,程氏名珦字伯溫顯頤之父,high,primary_checked
269,name,29,hvd-32044068331768,"seq 28, 先儒程氏",28,程氏名珦字伯溫顯頤之父,high,primary_checked
272,rosterentry,12,hvd-32044068331768,"seq 28, 先儒程氏",28,程氏名珦字伯溫顯頤之父,high,primary_checked
271,name,31,hvd-32044068331768,"seq 28, 先儒程氏",28,程氏名珦字伯溫顯頤之父,high,primary_checked
270,name,30,hvd-32044068331768,"seq 28, 先儒程氏",28,程氏名珦字伯溫顯頤之父,high,primary_checked
273,name,32,hvd-32044068331768,"seq 31, 先儒張氏",31,張氏名迪載之父世大梁人,high,primary_checked
1014,biography,13,hvd-32044068331768,seq 31–32,31,張氏名迪載之父世大梁人,high,primary_checked
275,rosterentry,13,hvd-32044068331768,"seq 31, 先儒張氏",31,張氏名迪載之父世大梁人,high,primary_checked
274,name,33,hvd-32044068331768,"seq 31, 先儒張氏",31,張氏名迪載之父世大梁人,high,primary_checked
1015,biography,14,hvd-32044068331768,seq 32–33,32,朱氏名松字喬年朱子之父,high,primary_checked
276,name,34,hvd-32044068331768,"seq 32, 先儒朱氏",32,朱氏名松字喬年朱子之父,high,primary_checked
277,name,35,hvd-32044068331768,"seq 32, 先儒朱氏",32,朱氏名松字喬年朱子之父,high,primary_checked
278,name,36,hvd-32044068331768,"seq 32, 先儒朱氏",32,朱氏名松字喬年朱子之父,high,primary_checked
279,name,37,hvd-32044068331768,"seq 32, 先儒朱氏",32,朱氏名松字喬年朱子之父,high,primary_checked
280,rosterentry,14,hvd-32044068331768,"seq 32, 先儒朱氏",32,朱氏名松字喬年朱子之父,high,primary_checked
1016,biography,15,hvd-32044068331768,seq 33–37,33,蔡氏名元定字季通沈之父,high,primary_checked
284,name,41,hvd-32044068331768,"seq 33, 先儒蔡氏",33,蔡氏名元定字季通沈之父,high,primary_checked
283,name,40,hvd-32044068331768,"seq 33, 先儒蔡氏",33,蔡氏名元定字季通沈之父,high,primary_checked
285,rosterentry,15,hvd-32044068331768,"seq 33, 先儒蔡氏",33,蔡氏名元定字季通沈之父,high,primary_checked
281,name,38,hvd-32044068331768,"seq 33, 先儒蔡氏",33,蔡氏名元定字季通沈之父,high,primary_checked
282,name,39,hvd-32044068331768,"seq 33, 先儒蔡氏",33,蔡氏名元定字季通沈之父,high,primary_checked
289,rosterentry,16,hvd-32044068331768,"seq 37, 至聖先師孔子",37,孔子名三字仲尼周魯人,high,primary_checked
1017,biography,16,hvd-32044068331768,seq 37–53,37,孔子名三字仲尼周魯人,high,primary_checked
286,name,42,hvd-32044068331768,"seq 37, 至聖先師孔子",37,孔子名三字仲尼周魯人,high,primary_checked
288,name,44,hvd-32044068331768,"seq 37, 至聖先師孔子",37,孔子名三字仲尼周魯人,high,primary_checked
287,name,43,hvd-32044068331768,"seq 37, 至聖先師孔子",37,孔子名三字仲尼周魯人,high,primary_checked
292,name,47,hvd-32044068331768,"seq 53, 復聖顏子",53,復聖顏子名回字子淵,high,primary_checked
290,name,45,hvd-32044068331768,"seq 53, 復聖顏子",53,復聖顏子名回字子淵,high,primary_checked
1018,biography,17,hvd-32044068331768,seq 53–54,53,復聖顏子名回字子淵,high,primary_checked
293,rosterentry,17,hvd-32044068331768,"seq 53, 復聖顏子",53,復聖顏子名回字子淵,high,primary_checked
291,name,46,hvd-32044068331768,"seq 53, 復聖顏子",53,復聖顏子名回字子淵,high,primary_checked
1019,biography,18,hvd-32044068331768,seq 54–55,54,宗聖會子名參字子興南武城人,high,primary_checked
297,rosterentry,18,hvd-32044068331768,"seq 54, 宗聖曾子",54,宗聖會子名參字子興南武城人,high,primary_checked
296,name,50,hvd-32044068331768,"seq 54, 宗聖曾子",54,宗聖會子名參字子興南武城人,high,primary_checked
295,name,49,hvd-32044068331768,"seq 54, 宗聖曾子",54,宗聖會子名參字子興南武城人,high,primary_checked
294,name,48,hvd-32044068331768,"seq 54, 宗聖曾子",54,宗聖會子名參字子興南武城人,high,primary_checked
300,rosterentry,19,hvd-32044068331768,"seq 55, 述聖子思子",55,述聖子思子名侵幼侍孔子,high,primary_checked
298,name,51,hvd-32044068331768,"seq 55, 述聖子思子",55,述聖子思子名侵幼侍孔子,high,primary_checked
299,name,52,hvd-32044068331768,"seq 55, 述聖子思子",55,述聖子思子名侵幼侍孔子,high,primary_checked
1020,biography,19,hvd-32044068331768,seq 55–63,55,述聖子思子名侵幼侍孔子,high,primary_checked
302,name,54,hvd-32044068331768,"seq 63, 亞聖孟子",63,亞聖孟子名軻字子車子難鄒人,high,primary_checked
303,name,55,hvd-32044068331768,"seq 63, 亞聖孟子",63,亞聖孟子名軻字子車子難鄒人,high,primary_checked
304,rosterentry,20,hvd-32044068331768,"seq 63, 亞聖孟子",63,亞聖孟子名軻字子車子難鄒人,high,primary_checked
1021,biography,20,hvd-32044068331768,seq 63–69,63,亞聖孟子名軻字子車子難鄒人,high,primary_checked
301,name,53,hvd-32044068331768,"seq 63, 亞聖孟子",63,亞聖孟子名軻字子車子難鄒人,high,primary_checked
308,rosterentry,21,hvd-32044068331768,"seq 69, 閔子",69,閔子名損字子騫魯人,high,primary_checked
305,name,56,hvd-32044068331768,"seq 69, 閔子",69,閔子名損字子騫魯人,high,primary_checked
306,name,57,hvd-32044068331768,"seq 69, 閔子",69,閔子名損字子騫魯人,high,primary_checked
307,name,58,hvd-32044068331768,"seq 69, 閔子",69,閔子名損字子騫魯人,high,primary_checked
1022,biography,21,hvd-32044068331768,seq 69–70,69,閔子名損字子騫魯人,high,primary_checked
311,name,61,hvd-32044068331768,"seq 70, 冉子",70,再子名雍字仲弓每人伯牛之族,high,primary_checked
312,rosterentry,22,hvd-32044068331768,"seq 70, 冉子",70,再子名雍字仲弓每人伯牛之族,high,primary_checked
313,name,62,hvd-32044068331768,"seq 70, 端木子",70,端木宇名賜字子貢衛人,high,primary_checked
314,name,63,hvd-32044068331768,"seq 70, 端木子",70,端木宇名賜字子貢衛人,high,primary_checked
315,name,64,hvd-32044068331768,"seq 70, 端木子",70,端木宇名賜字子貢衛人,high,primary_checked
309,name,59,hvd-32044068331768,"seq 70, 冉子",70,再子名雍字仲弓每人伯牛之族,high,primary_checked
1024,biography,23,hvd-32044068331768,seq 70–73,70,端木宇名賜字子貢衛人,high,primary_checked
316,rosterentry,23,hvd-32044068331768,"seq 70, 端木子",70,端木宇名賜字子貢衛人,high,primary_checked
1023,biography,22,hvd-32044068331768,seq 70–73,70,再子名雍字仲弓每人伯牛之族,high,primary_checked
310,name,60,hvd-32044068331768,"seq 70, 冉子",70,再子名雍字仲弓每人伯牛之族,high,primary_checked
319,name,67,hvd-32044068331768,"seq 73, 仲子",73,仲子名由字子路一字季路下人,high,primary_checked
1025,biography,24,hvd-32044068331768,seq 73–75,73,仲子名由字子路一字季路下人,high,primary_checked
317,name,65,hvd-32044068331768,"seq 73, 仲子",73,仲子名由字子路一字季路下人,high,primary_checked
318,name,66,hvd-32044068331768,"seq 73, 仲子",73,仲子名由字子路一字季路下人,high,primary_checked
320,name,68,hvd-32044068331768,"seq 73, 仲子",73,仲子名由字子路一字季路下人,high,primary_checked
321,rosterentry,24,hvd-32044068331768,"seq 73, 仲子",73,仲子名由字子路一字季路下人,high,primary_checked
322,name,69,hvd-32044068331768,"seq 75, 卜子",75,下子名商字子夏衛人,high,primary_checked
325,rosterentry,25,hvd-32044068331768,"seq 75, 卜子",75,下子名商字子夏衛人,high,primary_checked
1026,biography,25,hvd-32044068331768,seq 75–77,75,下子名商字子夏衛人,high,primary_checked
323,name,70,hvd-32044068331768,"seq 75, 卜子",75,下子名商字子夏衛人,high,primary_checked
324,name,71,hvd-32044068331768,"seq 75, 卜子",75,下子名商字子夏衛人,high,primary_checked
331,name,76,hvd-32044068331768,"seq 77, 冉子",77,冉子名耕字伯牛魯人,high,primary_checked
332,name,77,hvd-32044068331768,"seq 77, 冉子",77,冉子名耕字伯牛魯人,high,primary_checked
333,rosterentry,27,hvd-32044068331768,"seq 77, 冉子",77,冉子名耕字伯牛魯人,high,primary_checked
330,name,75,hvd-32044068331768,"seq 77, 冉子",77,冉子名耕字伯牛魯人,high,primary_checked
329,rosterentry,26,hvd-32044068331768,"seq 77, 有子",77,有子名若字子若魯人,high,primary_checked
328,name,74,hvd-32044068331768,"seq 77, 有子",77,有子名若字子若魯人,high,primary_checked
326,name,72,hvd-32044068331768,"seq 77, 有子",77,有子名若字子若魯人,high,primary_checked
327,name,73,hvd-32044068331768,"seq 77, 有子",77,有子名若字子若魯人,high,primary_checked
1027,biography,26,hvd-32044068331768,seq 77–78,77,有子名若字子若魯人,high,primary_checked
1028,biography,27,hvd-32044068331768,seq 77–78,77,冉子名耕字伯牛魯人,high,primary_checked
337,rosterentry,28,hvd-32044068331768,"seq 78, 宰子",78,宰子名子字子我魯人,high,primary_checked
335,name,79,hvd-32044068331768,"seq 78, 宰子",78,宰子名子字子我魯人,high,primary_checked
334,name,78,hvd-32044068331768,"seq 78, 宰子",78,宰子名子字子我魯人,high,primary_checked
1029,biography,28,hvd-32044068331768,seq 78–79,78,宰子名子字子我魯人,high,primary_checked
336,name,80,hvd-32044068331768,"seq 78, 宰子",78,宰子名子字子我魯人,high,primary_checked
340,name,83,hvd-32044068331768,"seq 79, 冉子",79,冉子名求字子有魯人亦伯牛之族,high,primary_checked
1031,biography,30,hvd-32044068331768,seq 79–80,79,言子名偃字子游吳人,high,primary_checked
1030,biography,29,hvd-32044068331768,seq 79–80,79,冉子名求字子有魯人亦伯牛之族,high,primary_checked
338,name,81,hvd-32044068331768,"seq 79, 冉子",79,冉子名求字子有魯人亦伯牛之族,high,primary_checked
339,name,82,hvd-32044068331768,"seq 79, 冉子",79,冉子名求字子有魯人亦伯牛之族,high,primary_checked
341,rosterentry,29,hvd-32044068331768,"seq 79, 冉子",79,冉子名求字子有魯人亦伯牛之族,high,primary_checked
342,name,84,hvd-32044068331768,"seq 79, 言子",79,言子名偃字子游吳人,high,primary_checked
343,name,85,hvd-32044068331768,"seq 79, 言子",79,言子名偃字子游吳人,high,primary_checked
344,name,86,hvd-32044068331768,"seq 79, 言子",79,言子名偃字子游吳人,high,primary_checked
345,rosterentry,30,hvd-32044068331768,"seq 79, 言子",79,言子名偃字子游吳人,high,primary_checked
352,name,92,hvd-32044068331768,"seq 80, 朱子",80,朱子名熹字元晦一字仲晦徽州婺源人,high,primary_checked
346,name,87,hvd-32044068331768,"seq 80, 顓孫子",80,顯孫子名師字子張陳人,high,primary_checked
347,name,88,hvd-32044068331768,"seq 80, 顓孫子",80,顯孫子名師字子張陳人,high,primary_checked
348,name,89,hvd-32044068331768,"seq 80, 顓孫子",80,顯孫子名師字子張陳人,high,primary_checked
349,rosterentry,31,hvd-32044068331768,"seq 80, 顓孫子",80,顯孫子名師字子張陳人,high,primary_checked
350,name,90,hvd-32044068331768,"seq 80, 朱子",80,朱子名熹字元晦一字仲晦徽州婺源人,high,primary_checked
351,name,91,hvd-32044068331768,"seq 80, 朱子",80,朱子名熹字元晦一字仲晦徽州婺源人,high,primary_checked
353,name,93,hvd-32044068331768,"seq 80, 朱子",80,朱子名熹字元晦一字仲晦徽州婺源人,high,primary_checked
354,name,94,hvd-32044068331768,"seq 80, 朱子",80,朱子名熹字元晦一字仲晦徽州婺源人,high,primary_checked
355,rosterentry,32,hvd-32044068331768,"seq 80, 朱子",80,朱子名熹字元晦一字仲晦徽州婺源人,high,primary_checked
1032,biography,31,hvd-32044068331768,seq 80–95,80,顯孫子名師字子張陳人,high,primary_checked
1033,biography,32,hvd-32044068331768,seq 80–95,80,朱子名熹字元晦一字仲晦徽州婺源人,high,primary_checked
356,name,95,hvd-32044068331768,"seq 95, 蘧瑗",95,蓬瑗字伯玉衛人仕衛為大夫,high,primary_checked
359,rosterentry,33,hvd-32044068331768,"seq 95, 蘧瑗",95,蓬瑗字伯玉衛人仕衛為大夫,high,primary_checked
358,name,97,hvd-32044068331768,"seq 95, 蘧瑗",95,蓬瑗字伯玉衛人仕衛為大夫,high,primary_checked
357,name,96,hvd-32044068331768,"seq 95, 蘧瑗",95,蓬瑗字伯玉衛人仕衛為大夫,high,primary_checked
1034,biography,33,hvd-32044068331768,seq 95–96,95,蓬瑗字伯玉衛人仕衛為大夫,high,primary_checked
360,name,98,hvd-32044068331768,"seq 96, 公孫僑",96,公孫僑鄭卿公子發子也,high,primary_checked
361,name,99,hvd-32044068331768,"seq 96, 公孫僑",96,公孫僑鄭卿公子發子也,high,primary_checked
1035,biography,34,hvd-32044068331768,seq 96–97,96,公孫僑鄭卿公子發子也,high,primary_checked
362,rosterentry,34,hvd-32044068331768,"seq 96, 公孫僑",96,公孫僑鄭卿公子發子也,high,primary_checked
1037,biography,36,hvd-32044068331768,seq 97–98,97,林放字子邱魯人,high,primary_checked
364,name,101,hvd-32044068331768,"seq 97, 澹臺滅明",97,澹臺滅明字子羽武城人,high,primary_checked
363,name,100,hvd-32044068331768,"seq 97, 澹臺滅明",97,澹臺滅明字子羽武城人,high,primary_checked
1036,biography,35,hvd-32044068331768,seq 97–98,97,澹臺滅明字子羽武城人,high,primary_checked
370,rosterentry,36,hvd-32044068331768,"seq 97, 林放",97,林放字子邱魯人,high,primary_checked
369,name,105,hvd-32044068331768,"seq 97, 林放",97,林放字子邱魯人,high,primary_checked
368,name,104,hvd-32044068331768,"seq 97, 林放",97,林放字子邱魯人,high,primary_checked
367,name,103,hvd-32044068331768,"seq 97, 林放",97,林放字子邱魯人,high,primary_checked
366,rosterentry,35,hvd-32044068331768,"seq 97, 澹臺滅明",97,澹臺滅明字子羽武城人,high,primary_checked
365,name,102,hvd-32044068331768,"seq 97, 澹臺滅明",97,澹臺滅明字子羽武城人,high,primary_checked
374,rosterentry,37,hvd-32044068331768,"seq 98, 原憲",98,原憲字子思宋人,high,primary_checked
1038,biography,37,hvd-32044068331768,seq 98–99,98,原憲字子思宋人,high,primary_checked
373,name,108,hvd-32044068331768,"seq 98, 原憲",98,原憲字子思宋人,high,primary_checked
372,name,107,hvd-32044068331768,"seq 98, 原憲",98,原憲字子思宋人,high,primary_checked
371,name,106,hvd-32044068331768,"seq 98, 原憲",98,原憲字子思宋人,high,primary_checked
378,rosterentry,38,hvd-32044068331768,"seq 99, 宓不齊",99,密不齊或伸跌字字子賤魯人,high,primary_checked
377,name,111,hvd-32044068331768,"seq 99, 宓不齊",99,密不齊或伸跌字字子賤魯人,high,primary_checked
376,name,110,hvd-32044068331768,"seq 99, 宓不齊",99,密不齊或伸跌字字子賤魯人,high,primary_checked
1039,biography,38,hvd-32044068331768,seq 99–101,99,密不齊或伸跌字字子賤魯人,high,primary_checked
375,name,109,hvd-32044068331768,"seq 99, 宓不齊",99,密不齊或伸跌字字子賤魯人,high,primary_checked
383,name,115,hvd-32044068331768,"seq 101, 公冶長",101,公冶長一云智慧字子長一俳孖芝齊人,high,primary_checked
384,name,116,hvd-32044068331768,"seq 101, 公冶長",101,公冶長一云智慧字子長一俳孖芝齊人,high,primary_checked
385,name,117,hvd-32044068331768,"seq 101, 公冶長",101,公冶長一云智慧字子長一俳孖芝齊人,high,primary_checked
386,name,118,hvd-32044068331768,"seq 101, 公冶長",101,公冶長一云智慧字子長一俳孖芝齊人,high,primary_checked
387,rosterentry,40,hvd-32044068331768,"seq 101, 公冶長",101,公冶長一云智慧字子長一俳孖芝齊人,high,primary_checked
388,name,119,hvd-32044068331768,"seq 101, 商瞿",101,商瞿字子木魯人,high,primary_checked
389,name,120,hvd-32044068331768,"seq 101, 商瞿",101,商瞿字子木魯人,high,primary_checked
390,name,121,hvd-32044068331768,"seq 101, 商瞿",101,商瞿字子木魯人,high,primary_checked
391,rosterentry,41,hvd-32044068331768,"seq 101, 商瞿",101,商瞿字子木魯人,high,primary_checked
392,name,122,hvd-32044068331768,"seq 101, 公皙哀",101,公皙哀各款字季次季辦齊人,high,primary_checked
393,name,123,hvd-32044068331768,"seq 101, 公皙哀",101,公皙哀各款字季次季辦齊人,high,primary_checked
394,name,124,hvd-32044068331768,"seq 101, 公皙哀",101,公皙哀各款字季次季辦齊人,high,primary_checked
395,rosterentry,42,hvd-32044068331768,"seq 101, 公皙哀",101,公皙哀各款字季次季辦齊人,high,primary_checked
381,name,114,hvd-32044068331768,"seq 101, 南宮适",101,南宮适嫁語惟字子容,high,primary_checked
1043,biography,42,hvd-32044068331768,seq 101–102,101,公皙哀各款字季次季辦齊人,high,primary_checked
1042,biography,41,hvd-32044068331768,seq 101–102,101,商瞿字子木魯人,high,primary_checked
1041,biography,40,hvd-32044068331768,seq 101–102,101,公冶長一云智慧字子長一俳孖芝齊人,high,primary_checked
1040,biography,39,hvd-32044068331768,seq 101–102,101,南宮适嫁語惟字子容,high,primary_checked
379,name,112,hvd-32044068331768,"seq 101, 南宮适",101,南宮适嫁語惟字子容,high,primary_checked
380,name,113,hvd-32044068331768,"seq 101, 南宮适",101,南宮适嫁語惟字子容,high,primary_checked
382,rosterentry,39,hvd-32044068331768,"seq 101, 南宮适",101,南宮适嫁語惟字子容,high,primary_checked
400,name,128,hvd-32044068331768,"seq 102, 高柴",102,高柴字子羔子齊大夫高氏之族,high,primary_checked
401,name,129,hvd-32044068331768,"seq 102, 高柴",102,高柴字子羔子齊大夫高氏之族,high,primary_checked
402,name,130,hvd-32044068331768,"seq 102, 高柴",102,高柴字子羔子齊大夫高氏之族,high,primary_checked
403,rosterentry,44,hvd-32044068331768,"seq 102, 高柴",102,高柴字子羔子齊大夫高氏之族,high,primary_checked
1044,biography,43,hvd-32044068331768,seq 102–103,102,漆雕開字子開子排蔡人,high,primary_checked
1045,biography,44,hvd-32044068331768,seq 102–103,102,高柴字子羔子齊大夫高氏之族,high,primary_checked
397,name,126,hvd-32044068331768,"seq 102, 漆雕開",102,漆雕開字子開子排蔡人,high,primary_checked
398,name,127,hvd-32044068331768,"seq 102, 漆雕開",102,漆雕開字子開子排蔡人,high,primary_checked
399,rosterentry,43,hvd-32044068331768,"seq 102, 漆雕開",102,漆雕開字子開子排蔡人,high,primary_checked
396,name,125,hvd-32044068331768,"seq 102, 漆雕開",102,漆雕開字子開子排蔡人,high,primary_checked
404,name,131,hvd-32044068331768,"seq 103, 司馬耕",103,司馬耕紫耘名字子牛广転宋人,high,primary_checked
405,name,132,hvd-32044068331768,"seq 103, 司馬耕",103,司馬耕紫耘名字子牛广転宋人,high,primary_checked
406,name,133,hvd-32044068331768,"seq 103, 司馬耕",103,司馬耕紫耘名字子牛广転宋人,high,primary_checked
407,rosterentry,45,hvd-32044068331768,"seq 103, 司馬耕",103,司馬耕紫耘名字子牛广転宋人,high,primary_checked
1046,biography,45,hvd-32044068331768,seq 103–104,103,司馬耕紫耘名字子牛广転宋人,high,primary_checked
1048,biography,47,hvd-32044068331768,seq 104–105,104,云貂糰字叔魚齊人少孔子二十九歲,high,primary_checked
408,name,134,hvd-32044068331768,"seq 104, 樊須",104,樊須字子運魯人齊少孔子,high,primary_checked
409,name,135,hvd-32044068331768,"seq 104, 樊須",104,樊須字子運魯人齊少孔子,high,primary_checked
410,name,136,hvd-32044068331768,"seq 104, 樊須",104,樊須字子運魯人齊少孔子,high,primary_checked
411,rosterentry,46,hvd-32044068331768,"seq 104, 樊須",104,樊須字子運魯人齊少孔子,high,primary_checked
412,name,137,hvd-32044068331768,"seq 104, 梁鱣",104,云貂糰字叔魚齊人少孔子二十九歲,high,primary_checked
413,name,138,hvd-32044068331768,"seq 104, 梁鱣",104,云貂糰字叔魚齊人少孔子二十九歲,high,primary_checked
414,name,139,hvd-32044068331768,"seq 104, 梁鱣",104,云貂糰字叔魚齊人少孔子二十九歲,high,primary_checked
415,rosterentry,47,hvd-32044068331768,"seq 104, 梁鱣",104,云貂糰字叔魚齊人少孔子二十九歲,high,primary_checked
1047,biography,46,hvd-32044068331768,seq 104–105,104,樊須字子運魯人齊少孔子,high,primary_checked
425,name,147,hvd-32044068331768,"seq 105, 巫馬施",105,巫馬施名転字子旗子嚇陳人,high,primary_checked
426,name,148,hvd-32044068331768,"seq 105, 巫馬施",105,巫馬施名転字子旗子嚇陳人,high,primary_checked
427,rosterentry,50,hvd-32044068331768,"seq 105, 巫馬施",105,巫馬施名転字子旗子嚇陳人,high,primary_checked
428,name,149,hvd-32044068331768,"seq 105, 伯虔",105,伯虔自獻字子析魯人,high,primary_checked
429,name,150,hvd-32044068331768,"seq 105, 伯虔",105,伯虔自獻字子析魯人,high,primary_checked
430,name,151,hvd-32044068331768,"seq 105, 伯虔",105,伯虔自獻字子析魯人,high,primary_checked
431,rosterentry,51,hvd-32044068331768,"seq 105, 伯虔",105,伯虔自獻字子析魯人,high,primary_checked
1052,biography,51,hvd-32044068331768,seq 105–106,105,伯虔自獻字子析魯人,high,primary_checked
1051,biography,50,hvd-32044068331768,seq 105–106,105,巫馬施名転字子旗子嚇陳人,high,primary_checked
1050,biography,49,hvd-32044068331768,seq 105–106,105,再揚名字子魯魯人,high,primary_checked
1049,biography,48,hvd-32044068331768,seq 105–106,105,商澤字子季子魯人,high,primary_checked
423,rosterentry,49,hvd-32044068331768,"seq 105, 冉孺",105,再揚名字子魯魯人,high,primary_checked
416,name,140,hvd-32044068331768,"seq 105, 商澤",105,商澤字子季子魯人,high,primary_checked
422,name,145,hvd-32044068331768,"seq 105, 冉孺",105,再揚名字子魯魯人,high,primary_checked
421,name,144,hvd-32044068331768,"seq 105, 冉孺",105,再揚名字子魯魯人,high,primary_checked
420,name,143,hvd-32044068331768,"seq 105, 冉孺",105,再揚名字子魯魯人,high,primary_checked
419,rosterentry,48,hvd-32044068331768,"seq 105, 商澤",105,商澤字子季子魯人,high,primary_checked
418,name,142,hvd-32044068331768,"seq 105, 商澤",105,商澤字子季子魯人,high,primary_checked
417,name,141,hvd-32044068331768,"seq 105, 商澤",105,商澤字子季子魯人,high,primary_checked
424,name,146,hvd-32044068331768,"seq 105, 巫馬施",105,巫馬施名転字子旗子嚇陳人,high,primary_checked
434,name,154,hvd-32044068331768,"seq 106, 顏辛",106,頭辛生版略情執字子柳魯人,high,primary_checked
1054,biography,53,hvd-32044068331768,seq 106–107,106,再季字子產子難魯人,high,primary_checked
1055,biography,54,hvd-32044068331768,seq 106–107,106,西卹字子循蔡人,high,primary_checked
1056,biography,55,hvd-32044068331768,seq 106–107,106,漆雕徒父名数字子有魯人,high,primary_checked
1057,biography,56,hvd-32044068331768,seq 106–107,106,公孫龍名転字子石衛人,high,primary_checked
432,name,152,hvd-32044068331768,"seq 106, 顏辛",106,頭辛生版略情執字子柳魯人,high,primary_checked
433,name,153,hvd-32044068331768,"seq 106, 顏辛",106,頭辛生版略情執字子柳魯人,high,primary_checked
1053,biography,52,hvd-32044068331768,seq 106–107,106,頭辛生版略情執字子柳魯人,high,primary_checked
435,rosterentry,52,hvd-32044068331768,"seq 106, 顏辛",106,頭辛生版略情執字子柳魯人,high,primary_checked
436,name,155,hvd-32044068331768,"seq 106, 冉季",106,再季字子產子難魯人,high,primary_checked
437,name,156,hvd-32044068331768,"seq 106, 冉季",106,再季字子產子難魯人,high,primary_checked
438,name,157,hvd-32044068331768,"seq 106, 冉季",106,再季字子產子難魯人,high,primary_checked
439,rosterentry,53,hvd-32044068331768,"seq 106, 冉季",106,再季字子產子難魯人,high,primary_checked
440,name,158,hvd-32044068331768,"seq 106, 曹卹",106,西卹字子循蔡人,high,primary_checked
441,name,159,hvd-32044068331768,"seq 106, 曹卹",106,西卹字子循蔡人,high,primary_checked
442,name,160,hvd-32044068331768,"seq 106, 曹卹",106,西卹字子循蔡人,high,primary_checked
443,rosterentry,54,hvd-32044068331768,"seq 106, 曹卹",106,西卹字子循蔡人,high,primary_checked
444,name,161,hvd-32044068331768,"seq 106, 漆雕徒父",106,漆雕徒父名数字子有魯人,high,primary_checked
445,name,162,hvd-32044068331768,"seq 106, 漆雕徒父",106,漆雕徒父名数字子有魯人,high,primary_checked
446,name,163,hvd-32044068331768,"seq 106, 漆雕徒父",106,漆雕徒父名数字子有魯人,high,primary_checked
447,rosterentry,55,hvd-32044068331768,"seq 106, 漆雕徒父",106,漆雕徒父名数字子有魯人,high,primary_checked
448,name,164,hvd-32044068331768,"seq 106, 公孫龍",106,公孫龍名転字子石衛人,high,primary_checked
449,name,165,hvd-32044068331768,"seq 106, 公孫龍",106,公孫龍名転字子石衛人,high,primary_checked
450,name,166,hvd-32044068331768,"seq 106, 公孫龍",106,公孫龍名転字子石衛人,high,primary_checked
451,rosterentry,56,hvd-32044068331768,"seq 106, 公孫龍",106,公孫龍名転字子石衛人,high,primary_checked
461,name,174,hvd-32044068331768,"seq 107, 公西赤",107,公西赤字子華魯人,high,primary_checked
462,name,175,hvd-32044068331768,"seq 107, 公西赤",107,公西赤字子華魯人,high,primary_checked
1058,biography,57,hvd-32044068331768,seq 107–108,107,漆雕哆合字子斂鯡魯人,high,primary_checked
1059,biography,58,hvd-32044068331768,seq 107–108,107,秦商字子还不燃魯人,high,primary_checked
1060,biography,59,hvd-32044068331768,seq 107–108,107,公西赤字子華魯人,high,primary_checked
463,rosterentry,59,hvd-32044068331768,"seq 107, 公西赤",107,公西赤字子華魯人,high,primary_checked
452,name,167,hvd-32044068331768,"seq 107, 漆雕哆",107,漆雕哆合字子斂鯡魯人,high,primary_checked
453,name,168,hvd-32044068331768,"seq 107, 漆雕哆",107,漆雕哆合字子斂鯡魯人,high,primary_checked
454,name,169,hvd-32044068331768,"seq 107, 漆雕哆",107,漆雕哆合字子斂鯡魯人,high,primary_checked
455,rosterentry,57,hvd-32044068331768,"seq 107, 漆雕哆",107,漆雕哆合字子斂鯡魯人,high,primary_checked
456,name,170,hvd-32044068331768,"seq 107, 秦商",107,秦商字子还不燃魯人,high,primary_checked
457,name,171,hvd-32044068331768,"seq 107, 秦商",107,秦商字子还不燃魯人,high,primary_checked
458,name,172,hvd-32044068331768,"seq 107, 秦商",107,秦商字子还不燃魯人,high,primary_checked
459,rosterentry,58,hvd-32044068331768,"seq 107, 秦商",107,秦商字子还不燃魯人,high,primary_checked
460,name,173,hvd-32044068331768,"seq 107, 公西赤",107,公西赤字子華魯人,high,primary_checked
466,name,178,hvd-32044068331768,"seq 108, 顏高",108,顏高計誌銘麟字子驕魯人,high,primary_checked
467,rosterentry,60,hvd-32044068331768,"seq 108, 顏高",108,顏高計誌銘麟字子驕魯人,high,primary_checked
468,name,179,hvd-32044068331768,"seq 108, 任不齊",108,任不齊字選子楚人,high,primary_checked
469,name,180,hvd-32044068331768,"seq 108, 任不齊",108,任不齊字選子楚人,high,primary_checked
470,name,181,hvd-32044068331768,"seq 108, 任不齊",108,任不齊字選子楚人,high,primary_checked
471,rosterentry,61,hvd-32044068331768,"seq 108, 任不齊",108,任不齊字選子楚人,high,primary_checked
472,name,182,hvd-32044068331768,"seq 108, 壤駟赤",108,壤駟赤健康字子徒姓秦人,high,primary_checked
473,name,183,hvd-32044068331768,"seq 108, 壤駟赤",108,壤駟赤健康字子徒姓秦人,high,primary_checked
474,name,184,hvd-32044068331768,"seq 108, 壤駟赤",108,壤駟赤健康字子徒姓秦人,high,primary_checked
475,rosterentry,62,hvd-32044068331768,"seq 108, 壤駟赤",108,壤駟赤健康字子徒姓秦人,high,primary_checked
476,name,185,hvd-32044068331768,"seq 108, 公良孺",108,公梁孺子紅字子正陳人,high,primary_checked
477,name,186,hvd-32044068331768,"seq 108, 公良孺",108,公梁孺子紅字子正陳人,high,primary_checked
478,name,187,hvd-32044068331768,"seq 108, 公良孺",108,公梁孺子紅字子正陳人,high,primary_checked
479,rosterentry,63,hvd-32044068331768,"seq 108, 公良孺",108,公梁孺子紅字子正陳人,high,primary_checked
1061,biography,60,hvd-32044068331768,seq 108–109,108,顏高計誌銘麟字子驕魯人,high,primary_checked
1062,biography,61,hvd-32044068331768,seq 108–109,108,任不齊字選子楚人,high,primary_checked
1063,biography,62,hvd-32044068331768,seq 108–109,108,壤駟赤健康字子徒姓秦人,high,primary_checked
1064,biography,63,hvd-32044068331768,seq 108–109,108,公梁孺子紅字子正陳人,high,primary_checked
464,name,176,hvd-32044068331768,"seq 108, 顏高",108,顏高計誌銘麟字子驕魯人,high,primary_checked
465,name,177,hvd-32044068331768,"seq 108, 顏高",108,顏高計誌銘麟字子驕魯人,high,primary_checked
486,name,193,hvd-32044068331768,"seq 109, 公肩定",109,公肩定作松雄公字子中魯人,high,primary_checked
487,rosterentry,65,hvd-32044068331768,"seq 109, 公肩定",109,公肩定作松雄公字子中魯人,high,primary_checked
488,name,194,hvd-32044068331768,"seq 109, 公夏首",109,公夏首名,high,primary_checked
489,name,195,hvd-32044068331768,"seq 109, 公夏首",109,公夏首名,high,primary_checked
490,name,196,hvd-32044068331768,"seq 109, 公夏首",109,公夏首名,high,primary_checked
1065,biography,64,hvd-32044068331768,seq 109–110,109,石作蜀惟福貓字子明秦之成紀人,high,primary_checked
1066,biography,65,hvd-32044068331768,seq 109–110,109,公肩定作松雄公字子中魯人,high,primary_checked
1067,biography,66,hvd-32044068331768,seq 109–110,109,公夏首名,high,primary_checked
491,rosterentry,66,hvd-32044068331768,"seq 109, 公夏首",109,公夏首名,high,primary_checked
480,name,188,hvd-32044068331768,"seq 109, 石作蜀",109,石作蜀惟福貓字子明秦之成紀人,high,primary_checked
481,name,189,hvd-32044068331768,"seq 109, 石作蜀",109,石作蜀惟福貓字子明秦之成紀人,high,primary_checked
482,name,190,hvd-32044068331768,"seq 109, 石作蜀",109,石作蜀惟福貓字子明秦之成紀人,high,primary_checked
483,rosterentry,64,hvd-32044068331768,"seq 109, 石作蜀",109,石作蜀惟福貓字子明秦之成紀人,high,primary_checked
484,name,191,hvd-32044068331768,"seq 109, 公肩定",109,公肩定作松雄公字子中魯人,high,primary_checked
485,name,192,hvd-32044068331768,"seq 109, 公肩定",109,公肩定作松雄公字子中魯人,high,primary_checked
503,rosterentry,69,hvd-32044068331768,"seq 110, 罕父黑",110,罕叉黑點辜字子索一件子糕魯人,high,primary_checked
492,name,197,hvd-32044068331768,"seq 110, 鄡單",110,鳥單音梟善舞鹿有哪縣,high,primary_checked
493,name,198,hvd-32044068331768,"seq 110, 鄡單",110,鳥單音梟善舞鹿有哪縣,high,primary_checked
494,name,199,hvd-32044068331768,"seq 110, 鄡單",110,鳥單音梟善舞鹿有哪縣,high,primary_checked
495,rosterentry,67,hvd-32044068331768,"seq 110, 鄡單",110,鳥單音梟善舞鹿有哪縣,high,primary_checked
496,name,200,hvd-32044068331768,"seq 110, 后處",110,后處石麒字子理聖雄齊人,high,primary_checked
497,name,201,hvd-32044068331768,"seq 110, 后處",110,后處石麒字子理聖雄齊人,high,primary_checked
498,name,202,hvd-32044068331768,"seq 110, 后處",110,后處石麒字子理聖雄齊人,high,primary_checked
499,rosterentry,68,hvd-32044068331768,"seq 110, 后處",110,后處石麒字子理聖雄齊人,high,primary_checked
500,name,203,hvd-32044068331768,"seq 110, 罕父黑",110,罕叉黑點辜字子索一件子糕魯人,high,primary_checked
501,name,204,hvd-32044068331768,"seq 110, 罕父黑",110,罕叉黑點辜字子索一件子糕魯人,high,primary_checked
502,name,205,hvd-32044068331768,"seq 110, 罕父黑",110,罕叉黑點辜字子索一件子糕魯人,high,primary_checked
1068,biography,67,hvd-32044068331768,seq 110–111,110,鳥單音梟善舞鹿有哪縣,high,primary_checked
1069,biography,68,hvd-32044068331768,seq 110–111,110,后處石麒字子理聖雄齊人,high,primary_checked
1070,biography,69,hvd-32044068331768,seq 110–111,110,罕叉黑點辜字子索一件子糕魯人,high,primary_checked
1071,biography,70,hvd-32044068331768,seq 110–111,110,奚容蔵側雞蔚字子皙一作孖臘魯人,high,primary_checked
1072,biography,71,hvd-32044068331768,seq 110–111,110,榮旅名字子棋子鮮魯人,high,primary_checked
504,name,206,hvd-32044068331768,"seq 110, 奚容蒧",110,奚容蔵側雞蔚字子皙一作孖臘魯人,high,primary_checked
505,name,207,hvd-32044068331768,"seq 110, 奚容蒧",110,奚容蔵側雞蔚字子皙一作孖臘魯人,high,primary_checked
506,name,208,hvd-32044068331768,"seq 110, 奚容蒧",110,奚容蔵側雞蔚字子皙一作孖臘魯人,high,primary_checked
507,rosterentry,70,hvd-32044068331768,"seq 110, 奚容蒧",110,奚容蔵側雞蔚字子皙一作孖臘魯人,high,primary_checked
508,name,209,hvd-32044068331768,"seq 110, 榮旂",110,榮旅名字子棋子鮮魯人,high,primary_checked
509,name,210,hvd-32044068331768,"seq 110, 榮旂",110,榮旅名字子棋子鮮魯人,high,primary_checked
510,name,211,hvd-32044068331768,"seq 110, 榮旂",110,榮旅名字子棋子鮮魯人,high,primary_checked
511,rosterentry,71,hvd-32044068331768,"seq 110, 榮旂",110,榮旅名字子棋子鮮魯人,high,primary_checked
531,rosterentry,76,hvd-32044068331768,"seq 111, 秦祖",111,秦祖字子南秦人,high,primary_checked
532,name,227,hvd-32044068331768,"seq 111, 原亢",111,原亢字籍刊臘胡林家需作原优宋史禮志作原抗,high,primary_checked
533,name,228,hvd-32044068331768,"seq 111, 原亢",111,原亢字籍刊臘胡林家需作原优宋史禮志作原抗,high,primary_checked
534,name,229,hvd-32044068331768,"seq 111, 原亢",111,原亢字籍刊臘胡林家需作原优宋史禮志作原抗,high,primary_checked
535,rosterentry,77,hvd-32044068331768,"seq 111, 原亢",111,原亢字籍刊臘胡林家需作原优宋史禮志作原抗,high,primary_checked
512,name,212,hvd-32044068331768,"seq 111, 顏祖",111,顏祖名板字襄子難魯人,high,primary_checked
513,name,213,hvd-32044068331768,"seq 111, 顏祖",111,顏祖名板字襄子難魯人,high,primary_checked
514,name,214,hvd-32044068331768,"seq 111, 顏祖",111,顏祖名板字襄子難魯人,high,primary_checked
515,rosterentry,72,hvd-32044068331768,"seq 111, 顏祖",111,顏祖名板字襄子難魯人,high,primary_checked
516,name,215,hvd-32044068331768,"seq 111, 左人郢",111,左人影左転字行一俳孖師魯人,high,primary_checked
517,name,216,hvd-32044068331768,"seq 111, 左人郢",111,左人影左転字行一俳孖師魯人,high,primary_checked
518,name,217,hvd-32044068331768,"seq 111, 左人郢",111,左人影左転字行一俳孖師魯人,high,primary_checked
1073,biography,72,hvd-32044068331768,seq 111–112,111,顏祖名板字襄子難魯人,high,primary_checked
1074,biography,73,hvd-32044068331768,seq 111–112,111,左人影左転字行一俳孖師魯人,high,primary_checked
1075,biography,74,hvd-32044068331768,seq 111–112,111,句并疆齣音字子孟子勳佈人,high,primary_checked
1076,biography,75,hvd-32044068331768,seq 111–112,111,家語作薛邦或云鄭國薛邦實兩人,high,primary_checked
1077,biography,76,hvd-32044068331768,seq 111–112,111,秦祖字子南秦人,high,primary_checked
1078,biography,77,hvd-32044068331768,seq 111–112,111,原亢字籍刊臘胡林家需作原优宋史禮志作原抗,high,primary_checked
519,rosterentry,73,hvd-32044068331768,"seq 111, 左人郢",111,左人影左転字行一俳孖師魯人,high,primary_checked
520,name,218,hvd-32044068331768,"seq 111, 句井疆",111,句并疆齣音字子孟子勳佈人,high,primary_checked
521,name,219,hvd-32044068331768,"seq 111, 句井疆",111,句并疆齣音字子孟子勳佈人,high,primary_checked
522,name,220,hvd-32044068331768,"seq 111, 句井疆",111,句并疆齣音字子孟子勳佈人,high,primary_checked
523,rosterentry,74,hvd-32044068331768,"seq 111, 句井疆",111,句并疆齣音字子孟子勳佈人,high,primary_checked
524,name,221,hvd-32044068331768,"seq 111, 鄭國",111,家語作薛邦或云鄭國薛邦實兩人,high,primary_checked
525,name,222,hvd-32044068331768,"seq 111, 鄭國",111,家語作薛邦或云鄭國薛邦實兩人,high,primary_checked
526,name,223,hvd-32044068331768,"seq 111, 鄭國",111,家語作薛邦或云鄭國薛邦實兩人,high,primary_checked
527,rosterentry,75,hvd-32044068331768,"seq 111, 鄭國",111,家語作薛邦或云鄭國薛邦實兩人,high,primary_checked
528,name,224,hvd-32044068331768,"seq 111, 秦祖",111,秦祖字子南秦人,high,primary_checked
529,name,225,hvd-32044068331768,"seq 111, 秦祖",111,秦祖字子南秦人,high,primary_checked
530,name,226,hvd-32044068331768,"seq 111, 秦祖",111,秦祖字子南秦人,high,primary_checked
1080,biography,79,hvd-32044068331768,seq 112–113,112,廉潔各款字庸一惟子蘭衛人,high,primary_checked
1082,biography,81,hvd-32044068331768,seq 112–113,112,叔仲會名転字子期魯人,high,primary_checked
551,rosterentry,81,hvd-32044068331768,"seq 112, 叔仲會",112,叔仲會名転字子期魯人,high,primary_checked
543,rosterentry,79,hvd-32044068331768,"seq 112, 廉潔",112,廉潔各款字庸一惟子蘭衛人,high,primary_checked
544,name,236,hvd-32044068331768,"seq 112, 公祖句茲",112,公社句兹字子之魯人,high,primary_checked
545,name,237,hvd-32044068331768,"seq 112, 公祖句茲",112,公社句兹字子之魯人,high,primary_checked
546,name,238,hvd-32044068331768,"seq 112, 公祖句茲",112,公社句兹字子之魯人,high,primary_checked
547,rosterentry,80,hvd-32044068331768,"seq 112, 公祖句茲",112,公社句兹字子之魯人,high,primary_checked
548,name,239,hvd-32044068331768,"seq 112, 叔仲會",112,叔仲會名転字子期魯人,high,primary_checked
549,name,240,hvd-32044068331768,"seq 112, 叔仲會",112,叔仲會名転字子期魯人,high,primary_checked
550,name,241,hvd-32044068331768,"seq 112, 叔仲會",112,叔仲會名転字子期魯人,high,primary_checked
536,name,230,hvd-32044068331768,"seq 112, 縣成",112,縣成字子祺一俳孖魯人,high,primary_checked
537,name,231,hvd-32044068331768,"seq 112, 縣成",112,縣成字子祺一俳孖魯人,high,primary_checked
538,name,232,hvd-32044068331768,"seq 112, 縣成",112,縣成字子祺一俳孖魯人,high,primary_checked
539,rosterentry,78,hvd-32044068331768,"seq 112, 縣成",112,縣成字子祺一俳孖魯人,high,primary_checked
540,name,233,hvd-32044068331768,"seq 112, 廉潔",112,廉潔各款字庸一惟子蘭衛人,high,primary_checked
541,name,234,hvd-32044068331768,"seq 112, 廉潔",112,廉潔各款字庸一惟子蘭衛人,high,primary_checked
542,name,235,hvd-32044068331768,"seq 112, 廉潔",112,廉潔各款字庸一惟子蘭衛人,high,primary_checked
1079,biography,78,hvd-32044068331768,seq 112–113,112,縣成字子祺一俳孖魯人,high,primary_checked
1081,biography,80,hvd-32044068331768,seq 112–113,112,公社句兹字子之魯人,high,primary_checked
567,rosterentry,85,hvd-32044068331768,"seq 113, 邽巽",113,邦與團選那熙字子斂子餅魯人,high,primary_checked
566,name,253,hvd-32044068331768,"seq 113, 邽巽",113,邦與團選那熙字子斂子餅魯人,high,primary_checked
565,name,252,hvd-32044068331768,"seq 113, 邽巽",113,邦與團選那熙字子斂子餅魯人,high,primary_checked
564,name,251,hvd-32044068331768,"seq 113, 邽巽",113,邦與團選那熙字子斂子餅魯人,high,primary_checked
563,rosterentry,84,hvd-32044068331768,"seq 113, 樂欬",113,樂敖名字子聲魯人,high,primary_checked
562,name,250,hvd-32044068331768,"seq 113, 樂欬",113,樂敖名字子聲魯人,high,primary_checked
561,name,249,hvd-32044068331768,"seq 113, 樂欬",113,樂敖名字子聲魯人,high,primary_checked
560,name,248,hvd-32044068331768,"seq 113, 樂欬",113,樂敖名字子聲魯人,high,primary_checked
559,rosterentry,83,hvd-32044068331768,"seq 113, 公西輿如",113,公西輿如各転字子上魯人,high,primary_checked
558,name,247,hvd-32044068331768,"seq 113, 公西輿如",113,公西輿如各転字子上魯人,high,primary_checked
557,name,246,hvd-32044068331768,"seq 113, 公西輿如",113,公西輿如各転字子上魯人,high,primary_checked
556,name,245,hvd-32044068331768,"seq 113, 公西輿如",113,公西輿如各転字子上魯人,high,primary_checked
555,rosterentry,82,hvd-32044068331768,"seq 113, 燕伋",113,燕伋名字思子郡秦人,high,primary_checked
554,name,244,hvd-32044068331768,"seq 113, 燕伋",113,燕伋名字思子郡秦人,high,primary_checked
553,name,243,hvd-32044068331768,"seq 113, 燕伋",113,燕伋名字思子郡秦人,high,primary_checked
552,name,242,hvd-32044068331768,"seq 113, 燕伋",113,燕伋名字思子郡秦人,high,primary_checked
1086,biography,85,hvd-32044068331768,seq 113–114,113,邦與團選那熙字子斂子餅魯人,high,primary_checked
1085,biography,84,hvd-32044068331768,seq 113–114,113,樂敖名字子聲魯人,high,primary_checked
1084,biography,83,hvd-32044068331768,seq 113–114,113,公西輿如各転字子上魯人,high,primary_checked
1083,biography,82,hvd-32044068331768,seq 113–114,113,燕伋名字思子郡秦人,high,primary_checked
587,rosterentry,90,hvd-32044068331768,"seq 114, 公西蒧",114,公西蔵宇子上升儲魯人,high,primary_checked
586,name,268,hvd-32044068331768,"seq 114, 公西蒧",114,公西蔵宇子上升儲魯人,high,primary_checked
585,name,267,hvd-32044068331768,"seq 114, 公西蒧",114,公西蔵宇子上升儲魯人,high,primary_checked
584,name,266,hvd-32044068331768,"seq 114, 公西蒧",114,公西蔵宇子上升儲魯人,high,primary_checked
583,rosterentry,89,hvd-32044068331768,"seq 114, 琴張",114,琴張緊排字子開衛人,high,primary_checked
582,name,265,hvd-32044068331768,"seq 114, 琴張",114,琴張緊排字子開衛人,high,primary_checked
581,name,264,hvd-32044068331768,"seq 114, 琴張",114,琴張緊排字子開衛人,high,primary_checked
580,name,263,hvd-32044068331768,"seq 114, 琴張",114,琴張緊排字子開衛人,high,primary_checked
579,rosterentry,88,hvd-32044068331768,"seq 114, 孔忠",114,孔忠名転字子蔑孔子兄孟皮子,high,primary_checked
578,name,262,hvd-32044068331768,"seq 114, 孔忠",114,孔忠名転字子蔑孔子兄孟皮子,high,primary_checked
577,name,261,hvd-32044068331768,"seq 114, 孔忠",114,孔忠名転字子蔑孔子兄孟皮子,high,primary_checked
576,name,260,hvd-32044068331768,"seq 114, 孔忠",114,孔忠名転字子蔑孔子兄孟皮子,high,primary_checked
575,rosterentry,87,hvd-32044068331768,"seq 114, 陳亢",114,"陳亢
有史
名
字子禽子雄陳人",high,primary_checked
574,name,259,hvd-32044068331768,"seq 114, 陳亢",114,"陳亢
有史
名
字子禽子雄陳人",high,primary_checked
573,name,258,hvd-32044068331768,"seq 114, 陳亢",114,"陳亢
有史
名
字子禽子雄陳人",high,primary_checked
572,name,257,hvd-32044068331768,"seq 114, 陳亢",114,"陳亢
有史
名
字子禽子雄陳人",high,primary_checked
571,rosterentry,86,hvd-32044068331768,"seq 114, 狄黑",114,狄黑名墅宇哲一腓稽徵衛人,high,primary_checked
570,name,256,hvd-32044068331768,"seq 114, 狄黑",114,狄黑名墅宇哲一腓稽徵衛人,high,primary_checked
569,name,255,hvd-32044068331768,"seq 114, 狄黑",114,狄黑名墅宇哲一腓稽徵衛人,high,primary_checked
1089,biography,88,hvd-32044068331768,seq 114–115,114,孔忠名転字子蔑孔子兄孟皮子,high,primary_checked
1088,biography,87,hvd-32044068331768,seq 114–115,114,"陳亢
有史
名
字子禽子雄陳人",high,primary_checked
1087,biography,86,hvd-32044068331768,seq 114–115,114,狄黑名墅宇哲一腓稽徵衛人,high,primary_checked
568,name,254,hvd-32044068331768,"seq 114, 狄黑",114,狄黑名墅宇哲一腓稽徵衛人,high,primary_checked
1091,biography,90,hvd-32044068331768,seq 114–115,114,公西蔵宇子上升儲魯人,high,primary_checked
1090,biography,89,hvd-32044068331768,seq 114–115,114,琴張緊排字子開衛人,high,primary_checked
1092,biography,91,hvd-32044068331768,seq 115–116,115,步叔乘耕少字子車齊人,high,primary_checked
607,rosterentry,95,hvd-32044068331768,"seq 115, 顏噲",115,顏噲字子聲魯人,high,primary_checked
608,name,284,hvd-32044068331768,"seq 115, 申棖",115,車長史記推車黨字尚家請休中能字子關或魯人,high,primary_checked
609,name,285,hvd-32044068331768,"seq 115, 申棖",115,車長史記推車黨字尚家請休中能字子關或魯人,high,primary_checked
610,rosterentry,96,hvd-32044068331768,"seq 115, 申棖",115,車長史記推車黨字尚家請休中能字子關或魯人,high,primary_checked
601,name,279,hvd-32044068331768,"seq 115, 施之常",115,施之常字子恆子就魯人,high,primary_checked
600,name,278,hvd-32044068331768,"seq 115, 施之常",115,施之常字子恆子就魯人,high,primary_checked
599,rosterentry,93,hvd-32044068331768,"seq 115, 秦非",115,秦非字子之魯人,high,primary_checked
598,name,277,hvd-32044068331768,"seq 115, 秦非",115,秦非字子之魯人,high,primary_checked
597,name,276,hvd-32044068331768,"seq 115, 秦非",115,秦非字子之魯人,high,primary_checked
596,name,275,hvd-32044068331768,"seq 115, 秦非",115,秦非字子之魯人,high,primary_checked
595,rosterentry,92,hvd-32044068331768,"seq 115, 顏之僕",115,顏之僕動餅字叔子姚魯人,high,primary_checked
594,name,274,hvd-32044068331768,"seq 115, 顏之僕",115,顏之僕動餅字叔子姚魯人,high,primary_checked
593,name,273,hvd-32044068331768,"seq 115, 顏之僕",115,顏之僕動餅字叔子姚魯人,high,primary_checked
592,name,272,hvd-32044068331768,"seq 115, 顏之僕",115,顏之僕動餅字叔子姚魯人,high,primary_checked
591,rosterentry,91,hvd-32044068331768,"seq 115, 步叔乘",115,步叔乘耕少字子車齊人,high,primary_checked
590,name,271,hvd-32044068331768,"seq 115, 步叔乘",115,步叔乘耕少字子車齊人,high,primary_checked
589,name,270,hvd-32044068331768,"seq 115, 步叔乘",115,步叔乘耕少字子車齊人,high,primary_checked
588,name,269,hvd-32044068331768,"seq 115, 步叔乘",115,步叔乘耕少字子車齊人,high,primary_checked
1096,biography,95,hvd-32044068331768,seq 115–116,115,顏噲字子聲魯人,high,primary_checked
1095,biography,94,hvd-32044068331768,seq 115–116,115,施之常字子恆子就魯人,high,primary_checked
1094,biography,93,hvd-32044068331768,seq 115–116,115,秦非字子之魯人,high,primary_checked
606,name,283,hvd-32044068331768,"seq 115, 顏噲",115,顏噲字子聲魯人,high,primary_checked
605,name,282,hvd-32044068331768,"seq 115, 顏噲",115,顏噲字子聲魯人,high,primary_checked
604,name,281,hvd-32044068331768,"seq 115, 顏噲",115,顏噲字子聲魯人,high,primary_checked
603,rosterentry,94,hvd-32044068331768,"seq 115, 施之常",115,施之常字子恆子就魯人,high,primary_checked
602,name,280,hvd-32044068331768,"seq 115, 施之常",115,施之常字子恆子就魯人,high,primary_checked
1093,biography,92,hvd-32044068331768,seq 115–116,115,顏之僕動餅字叔子姚魯人,high,primary_checked
1097,biography,96,hvd-32044068331768,seq 115–116,115,車長史記推車黨字尚家請休中能字子關或魯人,high,primary_checked
611,name,286,hvd-32044068331768,"seq 116, 顏何",116,顏何字再曆《魯人,high,primary_checked
613,name,288,hvd-32044068331768,"seq 116, 顏何",116,顏何字再曆《魯人,high,primary_checked
614,rosterentry,97,hvd-32044068331768,"seq 116, 顏何",116,顏何字再曆《魯人,high,primary_checked
615,name,289,hvd-32044068331768,"seq 116, 左邱明",116,左邱明魯人爲魯太史,high,primary_checked
616,name,290,hvd-32044068331768,"seq 116, 左邱明",116,左邱明魯人爲魯太史,high,primary_checked
617,rosterentry,98,hvd-32044068331768,"seq 116, 左邱明",116,左邱明魯人爲魯太史,high,primary_checked
1099,biography,98,hvd-32044068331768,seq 116–117,116,左邱明魯人爲魯太史,high,primary_checked
1098,biography,97,hvd-32044068331768,seq 116–117,116,顏何字再曆《魯人,high,primary_checked
612,name,287,hvd-32044068331768,"seq 116, 顏何",116,顏何字再曆《魯人,high,primary_checked
623,name,295,hvd-32044068331768,"seq 117, 秦冉",117,秦再字開記郁好調無蔡人,high,primary_checked
618,name,291,hvd-32044068331768,"seq 117, 縣亶",117,縣宜作縣賣幾字子象魯人,high,primary_checked
619,name,292,hvd-32044068331768,"seq 117, 縣亶",117,縣宜作縣賣幾字子象魯人,high,primary_checked
620,name,293,hvd-32044068331768,"seq 117, 縣亶",117,縣宜作縣賣幾字子象魯人,high,primary_checked
621,rosterentry,99,hvd-32044068331768,"seq 117, 縣亶",117,縣宜作縣賣幾字子象魯人,high,primary_checked
622,name,294,hvd-32044068331768,"seq 117, 秦冉",117,秦再字開記郁好調無蔡人,high,primary_checked
624,name,296,hvd-32044068331768,"seq 117, 秦冉",117,秦再字開記郁好調無蔡人,high,primary_checked
625,rosterentry,100,hvd-32044068331768,"seq 117, 秦冉",117,秦再字開記郁好調無蔡人,high,primary_checked
626,name,297,hvd-32044068331768,"seq 117, 公明儀",117,公明儀魯之武城人,high,primary_checked
627,name,298,hvd-32044068331768,"seq 117, 公明儀",117,公明儀魯之武城人,high,primary_checked
628,rosterentry,101,hvd-32044068331768,"seq 117, 公明儀",117,公明儀魯之武城人,high,primary_checked
1100,biography,99,hvd-32044068331768,seq 117–118,117,縣宜作縣賣幾字子象魯人,high,primary_checked
1101,biography,100,hvd-32044068331768,seq 117–118,117,秦再字開記郁好調無蔡人,high,primary_checked
1102,biography,101,hvd-32044068331768,seq 117–118,117,公明儀魯之武城人,high,primary_checked
1104,biography,103,hvd-32044068331768,seq 118–119,118,樂正克孟子弟子爲善臣,high,primary_checked
632,name,301,hvd-32044068331768,"seq 118, 樂正克",118,樂正克孟子弟子爲善臣,high,primary_checked
633,name,302,hvd-32044068331768,"seq 118, 樂正克",118,樂正克孟子弟子爲善臣,high,primary_checked
634,rosterentry,103,hvd-32044068331768,"seq 118, 樂正克",118,樂正克孟子弟子爲善臣,high,primary_checked
631,rosterentry,102,hvd-32044068331768,"seq 118, 牧皮",118,"名見孟子家
收皮語史記皆無",high,primary_checked
629,name,299,hvd-32044068331768,"seq 118, 牧皮",118,"名見孟子家
收皮語史記皆無",high,primary_checked
630,name,300,hvd-32044068331768,"seq 118, 牧皮",118,"名見孟子家
收皮語史記皆無",high,primary_checked
1103,biography,102,hvd-32044068331768,seq 118–119,118,"名見孟子家
收皮語史記皆無",high,primary_checked
647,name,312,hvd-32044068331768,"seq 119, 周敦頤",119,周敦頤字茂叔道州營道人,high,primary_checked
644,name,309,hvd-32044068331768,"seq 119, 周敦頤",119,周敦頤字茂叔道州營道人,high,primary_checked
643,rosterentry,106,hvd-32044068331768,"seq 119, 公孫丑",119,公孫丑孟子弟子,high,primary_checked
642,name,308,hvd-32044068331768,"seq 119, 公孫丑",119,公孫丑孟子弟子,high,primary_checked
641,name,307,hvd-32044068331768,"seq 119, 公孫丑",119,公孫丑孟子弟子,high,primary_checked
640,rosterentry,105,hvd-32044068331768,"seq 119, 萬章",119,萬章孟子弟子,high,primary_checked
639,name,306,hvd-32044068331768,"seq 119, 萬章",119,萬章孟子弟子,high,primary_checked
1108,biography,107,hvd-32044068331768,seq 119–122,119,周敦頤字茂叔道州營道人,high,primary_checked
1107,biography,106,hvd-32044068331768,seq 119–122,119,公孫丑孟子弟子,high,primary_checked
1106,biography,105,hvd-32044068331768,seq 119–122,119,萬章孟子弟子,high,primary_checked
1105,biography,104,hvd-32044068331768,seq 119–122,119,公都子孟子弟子,high,primary_checked
645,name,310,hvd-32044068331768,"seq 119, 周敦頤",119,周敦頤字茂叔道州營道人,high,primary_checked
646,name,311,hvd-32044068331768,"seq 119, 周敦頤",119,周敦頤字茂叔道州營道人,high,primary_checked
648,rosterentry,107,hvd-32044068331768,"seq 119, 周敦頤",119,周敦頤字茂叔道州營道人,high,primary_checked
638,name,305,hvd-32044068331768,"seq 119, 萬章",119,萬章孟子弟子,high,primary_checked
637,rosterentry,104,hvd-32044068331768,"seq 119, 公都子",119,公都子孟子弟子,high,primary_checked
636,name,304,hvd-32044068331768,"seq 119, 公都子",119,公都子孟子弟子,high,primary_checked
635,name,303,hvd-32044068331768,"seq 119, 公都子",119,公都子孟子弟子,high,primary_checked
654,rosterentry,108,hvd-32044068331768,"seq 122, 程顥",122,程類字伯這世居山中,high,primary_checked
651,name,315,hvd-32044068331768,"seq 122, 程顥",122,程類字伯這世居山中,high,primary_checked
650,name,314,hvd-32044068331768,"seq 122, 程顥",122,程類字伯這世居山中,high,primary_checked
1109,biography,108,hvd-32044068331768,seq 122–127,122,程類字伯這世居山中,high,primary_checked
649,name,313,hvd-32044068331768,"seq 122, 程顥",122,程類字伯這世居山中,high,primary_checked
653,name,317,hvd-32044068331768,"seq 122, 程顥",122,程類字伯這世居山中,high,primary_checked
652,name,316,hvd-32044068331768,"seq 122, 程顥",122,程類字伯這世居山中,high,primary_checked
660,rosterentry,109,hvd-32044068331768,"seq 127, 邵雍",127,邵雍字堯夫其先范陽人,high,primary_checked
655,name,318,hvd-32044068331768,"seq 127, 邵雍",127,邵雍字堯夫其先范陽人,high,primary_checked
656,name,319,hvd-32044068331768,"seq 127, 邵雍",127,邵雍字堯夫其先范陽人,high,primary_checked
657,name,320,hvd-32044068331768,"seq 127, 邵雍",127,邵雍字堯夫其先范陽人,high,primary_checked
658,name,321,hvd-32044068331768,"seq 127, 邵雍",127,邵雍字堯夫其先范陽人,high,primary_checked
659,name,322,hvd-32044068331768,"seq 127, 邵雍",127,邵雍字堯夫其先范陽人,high,primary_checked
1110,biography,109,hvd-32044068331768,seq 127–130,127,邵雍字堯夫其先范陽人,high,primary_checked
666,rosterentry,110,hvd-32044068331768,"seq 130, 張載",130,張載字子厚長安人,high,primary_checked
665,name,327,hvd-32044068331768,"seq 130, 張載",130,張載字子厚長安人,high,primary_checked
664,name,326,hvd-32044068331768,"seq 130, 張載",130,張載字子厚長安人,high,primary_checked
663,name,325,hvd-32044068331768,"seq 130, 張載",130,張載字子厚長安人,high,primary_checked
1111,biography,110,hvd-32044068331768,seq 130–133,130,張載字子厚長安人,high,primary_checked
662,name,324,hvd-32044068331768,"seq 130, 張載",130,張載字子厚長安人,high,primary_checked
661,name,323,hvd-32044068331768,"seq 130, 張載",130,張載字子厚長安人,high,primary_checked
669,name,330,hvd-32044068331768,"seq 133, 程頤",133,程頤字正叔顥弟年十八,high,primary_checked
672,rosterentry,111,hvd-32044068331768,"seq 133, 程頤",133,程頤字正叔顥弟年十八,high,primary_checked
670,name,331,hvd-32044068331768,"seq 133, 程頤",133,程頤字正叔顥弟年十八,high,primary_checked
668,name,329,hvd-32044068331768,"seq 133, 程頤",133,程頤字正叔顥弟年十八,high,primary_checked
667,name,328,hvd-32044068331768,"seq 133, 程頤",133,程頤字正叔顥弟年十八,high,primary_checked
671,name,332,hvd-32044068331768,"seq 133, 程頤",133,程頤字正叔顥弟年十八,high,primary_checked
1112,biography,111,hvd-32044068331768,seq 133–137,133,程頤字正叔顥弟年十八,high,primary_checked
675,rosterentry,112,hvd-32044068331768,"seq 137, 公羊高",137,公羊高齊人受春秋於子夏爲傳,high,primary_checked
1114,biography,113,hvd-32044068331768,seq 137–138,137,穀梁赤魯人受春秋於子夏爲傳,high,primary_checked
1113,biography,112,hvd-32044068331768,seq 137–138,137,公羊高齊人受春秋於子夏爲傳,high,primary_checked
673,name,333,hvd-32044068331768,"seq 137, 公羊高",137,公羊高齊人受春秋於子夏爲傳,high,primary_checked
676,name,335,hvd-32044068331768,"seq 137, 穀梁赤",137,穀梁赤魯人受春秋於子夏爲傳,high,primary_checked
677,name,336,hvd-32044068331768,"seq 137, 穀梁赤",137,穀梁赤魯人受春秋於子夏爲傳,high,primary_checked
678,rosterentry,113,hvd-32044068331768,"seq 137, 穀梁赤",137,穀梁赤魯人受春秋於子夏爲傳,high,primary_checked
674,name,334,hvd-32044068331768,"seq 137, 公羊高",137,公羊高齊人受春秋於子夏爲傳,high,primary_checked
686,rosterentry,115,hvd-32044068331768,"seq 138, 高堂生",138,高堂生宇伯漢魯人,high,primary_checked
685,name,342,hvd-32044068331768,"seq 138, 高堂生",138,高堂生宇伯漢魯人,high,primary_checked
684,name,341,hvd-32044068331768,"seq 138, 高堂生",138,高堂生宇伯漢魯人,high,primary_checked
683,name,340,hvd-32044068331768,"seq 138, 高堂生",138,高堂生宇伯漢魯人,high,primary_checked
682,rosterentry,114,hvd-32044068331768,"seq 138, 伏勝",138,伏勝字子賤漢濟南人,high,primary_checked
681,name,339,hvd-32044068331768,"seq 138, 伏勝",138,伏勝字子賤漢濟南人,high,primary_checked
680,name,338,hvd-32044068331768,"seq 138, 伏勝",138,伏勝字子賤漢濟南人,high,primary_checked
679,name,337,hvd-32044068331768,"seq 138, 伏勝",138,伏勝字子賤漢濟南人,high,primary_checked
1115,biography,114,hvd-32044068331768,seq 138–139,138,伏勝字子賤漢濟南人,high,primary_checked
1116,biography,115,hvd-32044068331768,seq 138–139,138,高堂生宇伯漢魯人,high,primary_checked
1117,biography,116,hvd-32044068331768,seq 139–140,139,毛亨魯人鄭氏詩譜日魯人大毛公為訓話傳於其家,high,primary_checked
689,rosterentry,116,hvd-32044068331768,"seq 139, 毛亨",139,毛亨魯人鄭氏詩譜日魯人大毛公為訓話傳於其家,high,primary_checked
688,name,344,hvd-32044068331768,"seq 139, 毛亨",139,毛亨魯人鄭氏詩譜日魯人大毛公為訓話傳於其家,high,primary_checked
687,name,343,hvd-32044068331768,"seq 139, 毛亨",139,毛亨魯人鄭氏詩譜日魯人大毛公為訓話傳於其家,high,primary_checked
692,name,347,hvd-32044068331768,"seq 140, 孔安國",140,孔安國字子國孔子十二世孫,high,primary_checked
1118,biography,117,hvd-32044068331768,seq 140–141,140,孔安國字子國孔子十二世孫,high,primary_checked
691,name,346,hvd-32044068331768,"seq 140, 孔安國",140,孔安國字子國孔子十二世孫,high,primary_checked
690,name,345,hvd-32044068331768,"seq 140, 孔安國",140,孔安國字子國孔子十二世孫,high,primary_checked
693,rosterentry,117,hvd-32044068331768,"seq 140, 孔安國",140,孔安國字子國孔子十二世孫,high,primary_checked
695,name,349,hvd-32044068331768,"seq 141, 董仲舒",141,董仲舒字寬夫漢廣川,high,primary_checked
697,rosterentry,118,hvd-32044068331768,"seq 141, 董仲舒",141,董仲舒字寬夫漢廣川,high,primary_checked
1119,biography,118,hvd-32044068331768,seq 141–154,141,董仲舒字寬夫漢廣川,high,primary_checked
694,name,348,hvd-32044068331768,"seq 141, 董仲舒",141,董仲舒字寬夫漢廣川,high,primary_checked
696,name,350,hvd-32044068331768,"seq 141, 董仲舒",141,董仲舒字寬夫漢廣川,high,primary_checked
700,rosterentry,119,hvd-32044068331768,"seq 154, 毛萇",154,毛萇漢趙人也善詩,high,primary_checked
698,name,351,hvd-32044068331768,"seq 154, 毛萇",154,毛萇漢趙人也善詩,high,primary_checked
1120,biography,119,hvd-32044068331768,seq 154–155,154,毛萇漢趙人也善詩,high,primary_checked
699,name,352,hvd-32044068331768,"seq 154, 毛萇",154,毛萇漢趙人也善詩,high,primary_checked
701,name,353,hvd-32044068331768,"seq 155, 后蒼",155,○后蒼字近君漢東海郯人,high,primary_checked
1121,biography,120,hvd-32044068331768,seq 155–156,155,○后蒼字近君漢東海郯人,high,primary_checked
1122,biography,121,hvd-32044068331768,seq 155–156,155,◎杜子春字時元漢氏人通周官,high,primary_checked
702,name,354,hvd-32044068331768,"seq 155, 后蒼",155,○后蒼字近君漢東海郯人,high,primary_checked
703,name,355,hvd-32044068331768,"seq 155, 后蒼",155,○后蒼字近君漢東海郯人,high,primary_checked
704,rosterentry,120,hvd-32044068331768,"seq 155, 后蒼",155,○后蒼字近君漢東海郯人,high,primary_checked
705,name,356,hvd-32044068331768,"seq 155, 杜子春",155,◎杜子春字時元漢氏人通周官,high,primary_checked
706,name,357,hvd-32044068331768,"seq 155, 杜子春",155,◎杜子春字時元漢氏人通周官,high,primary_checked
707,name,358,hvd-32044068331768,"seq 155, 杜子春",155,◎杜子春字時元漢氏人通周官,high,primary_checked
708,rosterentry,121,hvd-32044068331768,"seq 155, 杜子春",155,◎杜子春字時元漢氏人通周官,high,primary_checked
712,rosterentry,122,hvd-32044068331768,"seq 156, 鄭康成",156,鄭康成名元漢山東高密人,high,primary_checked
1123,biography,122,hvd-32044068331768,seq 156–160,156,鄭康成名元漢山東高密人,high,primary_checked
709,name,359,hvd-32044068331768,"seq 156, 鄭康成",156,鄭康成名元漢山東高密人,high,primary_checked
710,name,360,hvd-32044068331768,"seq 156, 鄭康成",156,鄭康成名元漢山東高密人,high,primary_checked
711,name,361,hvd-32044068331768,"seq 156, 鄭康成",156,鄭康成名元漢山東高密人,high,primary_checked
713,name,362,hvd-32044068331768,"seq 160, 范甯",160,范甯字武子晉河南南陽人,high,primary_checked
714,name,363,hvd-32044068331768,"seq 160, 范甯",160,范甯字武子晉河南南陽人,high,primary_checked
716,rosterentry,123,hvd-32044068331768,"seq 160, 范甯",160,范甯字武子晉河南南陽人,high,primary_checked
715,name,364,hvd-32044068331768,"seq 160, 范甯",160,范甯字武子晉河南南陽人,high,primary_checked
1124,biography,123,hvd-32044068331768,seq 160–163,160,范甯字武子晉河南南陽人,high,primary_checked
1125,biography,124,hvd-32044068331768,seq 163–171,163,諸葛亮字孔明漢現那灿嚇人,high,primary_checked
721,rosterentry,124,hvd-32044068331768,"seq 163, 諸葛亮",163,諸葛亮字孔明漢現那灿嚇人,high,primary_checked
720,name,368,hvd-32044068331768,"seq 163, 諸葛亮",163,諸葛亮字孔明漢現那灿嚇人,high,primary_checked
719,name,367,hvd-32044068331768,"seq 163, 諸葛亮",163,諸葛亮字孔明漢現那灿嚇人,high,primary_checked
718,name,366,hvd-32044068331768,"seq 163, 諸葛亮",163,諸葛亮字孔明漢現那灿嚇人,high,primary_checked
717,name,365,hvd-32044068331768,"seq 163, 諸葛亮",163,諸葛亮字孔明漢現那灿嚇人,high,primary_checked
725,rosterentry,125,hvd-32044068331768,"seq 171, 王通",171,0王通字仲淹隋河東龍門人,high,primary_checked
722,name,369,hvd-32044068331768,"seq 171, 王通",171,0王通字仲淹隋河東龍門人,high,primary_checked
1126,biography,125,hvd-32044068331768,seq 171–174,171,0王通字仲淹隋河東龍門人,high,primary_checked
724,name,371,hvd-32044068331768,"seq 171, 王通",171,0王通字仲淹隋河東龍門人,high,primary_checked
723,name,370,hvd-32044068331768,"seq 171, 王通",171,0王通字仲淹隋河東龍門人,high,primary_checked
730,rosterentry,126,hvd-32044068331768,"seq 174, 陸贄",174,陸贅字敬興唐浙江嘉興人,high,primary_checked
726,name,372,hvd-32044068331768,"seq 174, 陸贄",174,陸贅字敬興唐浙江嘉興人,high,primary_checked
1127,biography,126,hvd-32044068331768,seq 174–178,174,陸贅字敬興唐浙江嘉興人,high,primary_checked
727,name,373,hvd-32044068331768,"seq 174, 陸贄",174,陸贅字敬興唐浙江嘉興人,high,primary_checked
728,name,374,hvd-32044068331768,"seq 174, 陸贄",174,陸贅字敬興唐浙江嘉興人,high,primary_checked
729,name,375,hvd-32044068331768,"seq 174, 陸贄",174,陸贅字敬興唐浙江嘉興人,high,primary_checked
733,name,378,hvd-32044068331768,"seq 178, 韓愈",178,韓愈字退之唐南陽悯人,high,primary_checked
734,name,379,hvd-32044068331768,"seq 178, 韓愈",178,韓愈字退之唐南陽悯人,high,primary_checked
735,rosterentry,127,hvd-32044068331768,"seq 178, 韓愈",178,韓愈字退之唐南陽悯人,high,primary_checked
732,name,377,hvd-32044068331768,"seq 178, 韓愈",178,韓愈字退之唐南陽悯人,high,primary_checked
731,name,376,hvd-32044068331768,"seq 178, 韓愈",178,韓愈字退之唐南陽悯人,high,primary_checked
1128,biography,127,hvd-32044068331768,seq 178–185,178,韓愈字退之唐南陽悯人,high,primary_checked
739,name,383,hvd-32044068331768,"seq 185, 韓琦",185,●韓琦字稚圭宋相州安陽人,high,primary_checked
740,rosterentry,128,hvd-32044068331768,"seq 185, 韓琦",185,●韓琦字稚圭宋相州安陽人,high,primary_checked
1129,biography,128,hvd-32044068331768,seq 185–201,185,●韓琦字稚圭宋相州安陽人,high,primary_checked
736,name,380,hvd-32044068331768,"seq 185, 韓琦",185,●韓琦字稚圭宋相州安陽人,high,primary_checked
737,name,381,hvd-32044068331768,"seq 185, 韓琦",185,●韓琦字稚圭宋相州安陽人,high,primary_checked
738,name,382,hvd-32044068331768,"seq 185, 韓琦",185,●韓琦字稚圭宋相州安陽人,high,primary_checked
743,name,386,hvd-32044068331768,"seq 201, 范仲淹",201,范仲淹字希文蘇州吳縣人,high,primary_checked
741,name,384,hvd-32044068331768,"seq 201, 范仲淹",201,范仲淹字希文蘇州吳縣人,high,primary_checked
742,name,385,hvd-32044068331768,"seq 201, 范仲淹",201,范仲淹字希文蘇州吳縣人,high,primary_checked
744,name,387,hvd-32044068331768,"seq 201, 范仲淹",201,范仲淹字希文蘇州吳縣人,high,primary_checked
745,rosterentry,129,hvd-32044068331768,"seq 201, 范仲淹",201,范仲淹字希文蘇州吳縣人,high,primary_checked
1130,biography,129,hvd-32044068331768,seq 201–208,201,范仲淹字希文蘇州吳縣人,high,primary_checked
1131,biography,130,hvd-32044068331768,seq 208–215,208,歐陽修字永叔廬陵人,high,primary_checked
746,name,388,hvd-32044068331768,"seq 208, 歐陽修",208,歐陽修字永叔廬陵人,high,primary_checked
749,name,391,hvd-32044068331768,"seq 208, 歐陽修",208,歐陽修字永叔廬陵人,high,primary_checked
748,name,390,hvd-32044068331768,"seq 208, 歐陽修",208,歐陽修字永叔廬陵人,high,primary_checked
747,name,389,hvd-32044068331768,"seq 208, 歐陽修",208,歐陽修字永叔廬陵人,high,primary_checked
751,name,393,hvd-32044068331768,"seq 208, 歐陽修",208,歐陽修字永叔廬陵人,high,primary_checked
750,name,392,hvd-32044068331768,"seq 208, 歐陽修",208,歐陽修字永叔廬陵人,high,primary_checked
752,rosterentry,130,hvd-32044068331768,"seq 208, 歐陽修",208,歐陽修字永叔廬陵人,high,primary_checked
757,rosterentry,131,hvd-32044068331768,"seq 215, 胡瑗",215,胡瑷字翼之宋江南泰州人,high,primary_checked
755,name,396,hvd-32044068331768,"seq 215, 胡瑗",215,胡瑷字翼之宋江南泰州人,high,primary_checked
754,name,395,hvd-32044068331768,"seq 215, 胡瑗",215,胡瑷字翼之宋江南泰州人,high,primary_checked
753,name,394,hvd-32044068331768,"seq 215, 胡瑗",215,胡瑷字翼之宋江南泰州人,high,primary_checked
1132,biography,131,hvd-32044068331768,seq 215–217,215,胡瑷字翼之宋江南泰州人,high,primary_checked
756,name,397,hvd-32044068331768,"seq 215, 胡瑗",215,胡瑷字翼之宋江南泰州人,high,primary_checked
761,name,401,hvd-32044068331768,"seq 217, 司馬光",217,○司馬光字君實宋夏縣人,high,primary_checked
758,name,398,hvd-32044068331768,"seq 217, 司馬光",217,○司馬光字君實宋夏縣人,high,primary_checked
759,name,399,hvd-32044068331768,"seq 217, 司馬光",217,○司馬光字君實宋夏縣人,high,primary_checked
760,name,400,hvd-32044068331768,"seq 217, 司馬光",217,○司馬光字君實宋夏縣人,high,primary_checked
762,rosterentry,132,hvd-32044068331768,"seq 217, 司馬光",217,○司馬光字君實宋夏縣人,high,primary_checked
1133,biography,132,hvd-32044068331768,seq 217–227,217,○司馬光字君實宋夏縣人,high,primary_checked
766,name,405,hvd-32044068331768,"seq 227, 楊時",227,楊時字中立宋南劍將樂人,high,primary_checked
767,name,406,hvd-32044068331768,"seq 227, 楊時",227,楊時字中立宋南劍將樂人,high,primary_checked
768,rosterentry,133,hvd-32044068331768,"seq 227, 楊時",227,楊時字中立宋南劍將樂人,high,primary_checked
1134,biography,133,hvd-32044068331768,seq 227–233,227,楊時字中立宋南劍將樂人,high,primary_checked
763,name,402,hvd-32044068331768,"seq 227, 楊時",227,楊時字中立宋南劍將樂人,high,primary_checked
764,name,403,hvd-32044068331768,"seq 227, 楊時",227,楊時字中立宋南劍將樂人,high,primary_checked
765,name,404,hvd-32044068331768,"seq 227, 楊時",227,楊時字中立宋南劍將樂人,high,primary_checked
774,rosterentry,134,hvd-32044068331768,"seq 233, 尹焞",233,○尹崞字彥明一字德充宋河南洛陽人,high,primary_checked
773,name,411,hvd-32044068331768,"seq 233, 尹焞",233,○尹崞字彥明一字德充宋河南洛陽人,high,primary_checked
772,name,410,hvd-32044068331768,"seq 233, 尹焞",233,○尹崞字彥明一字德充宋河南洛陽人,high,primary_checked
771,name,409,hvd-32044068331768,"seq 233, 尹焞",233,○尹崞字彥明一字德充宋河南洛陽人,high,primary_checked
770,name,408,hvd-32044068331768,"seq 233, 尹焞",233,○尹崞字彥明一字德充宋河南洛陽人,high,primary_checked
769,name,407,hvd-32044068331768,"seq 233, 尹焞",233,○尹崞字彥明一字德充宋河南洛陽人,high,primary_checked
1135,biography,134,hvd-32044068331768,seq 233–237,233,○尹崞字彥明一字德充宋河南洛陽人,high,primary_checked
1136,biography,135,hvd-32044068331768,seq 237–240,237,謝貝佐宇顯道宋壽春上蔡人,high,primary_checked
778,rosterentry,135,hvd-32044068331768,"seq 237, 謝良佐",237,謝貝佐宇顯道宋壽春上蔡人,high,primary_checked
777,name,414,hvd-32044068331768,"seq 237, 謝良佐",237,謝貝佐宇顯道宋壽春上蔡人,high,primary_checked
776,name,413,hvd-32044068331768,"seq 237, 謝良佐",237,謝貝佐宇顯道宋壽春上蔡人,high,primary_checked
775,name,412,hvd-32044068331768,"seq 237, 謝良佐",237,謝貝佐宇顯道宋壽春上蔡人,high,primary_checked
1137,biography,136,hvd-32044068331768,seq 240–245,240,○胡安國宇康侯宋福建崇安人,high,primary_checked
783,rosterentry,136,hvd-32044068331768,"seq 240, 胡安國",240,○胡安國宇康侯宋福建崇安人,high,primary_checked
782,name,418,hvd-32044068331768,"seq 240, 胡安國",240,○胡安國宇康侯宋福建崇安人,high,primary_checked
781,name,417,hvd-32044068331768,"seq 240, 胡安國",240,○胡安國宇康侯宋福建崇安人,high,primary_checked
780,name,416,hvd-32044068331768,"seq 240, 胡安國",240,○胡安國宇康侯宋福建崇安人,high,primary_checked
779,name,415,hvd-32044068331768,"seq 240, 胡安國",240,○胡安國宇康侯宋福建崇安人,high,primary_checked
784,name,419,hvd-32044068331768,"seq 245, 李綱",245,李綱字伯紀宋邵武人,high,primary_checked
786,name,421,hvd-32044068331768,"seq 245, 李綱",245,李綱字伯紀宋邵武人,high,primary_checked
787,name,422,hvd-32044068331768,"seq 245, 李綱",245,李綱字伯紀宋邵武人,high,primary_checked
788,rosterentry,137,hvd-32044068331768,"seq 245, 李綱",245,李綱字伯紀宋邵武人,high,primary_checked
1138,biography,137,hvd-32044068331768,seq 245–257,245,李綱字伯紀宋邵武人,high,primary_checked
785,name,420,hvd-32044068331768,"seq 245, 李綱",245,李綱字伯紀宋邵武人,high,primary_checked
789,name,423,hvd-32044068331768,"seq 257, 羅從彥",257,羅從彥宇仲素宋南昌人寓閩之劍浦,high,primary_checked
791,name,425,hvd-32044068331768,"seq 257, 羅從彥",257,羅從彥宇仲素宋南昌人寓閩之劍浦,high,primary_checked
793,name,427,hvd-32044068331768,"seq 257, 羅從彥",257,羅從彥宇仲素宋南昌人寓閩之劍浦,high,primary_checked
790,name,424,hvd-32044068331768,"seq 257, 羅從彥",257,羅從彥宇仲素宋南昌人寓閩之劍浦,high,primary_checked
794,rosterentry,138,hvd-32044068331768,"seq 257, 羅從彥",257,羅從彥宇仲素宋南昌人寓閩之劍浦,high,primary_checked
792,name,426,hvd-32044068331768,"seq 257, 羅從彥",257,羅從彥宇仲素宋南昌人寓閩之劍浦,high,primary_checked
1139,biography,138,hvd-32044068331768,seq 257–260,257,羅從彥宇仲素宋南昌人寓閩之劍浦,high,primary_checked
799,name,432,hvd-32044068331768,"seq 260, 李侗",260,李個字愿中宋福建劍浦人,high,primary_checked
796,name,429,hvd-32044068331768,"seq 260, 李侗",260,李個字愿中宋福建劍浦人,high,primary_checked
795,name,428,hvd-32044068331768,"seq 260, 李侗",260,李個字愿中宋福建劍浦人,high,primary_checked
798,name,431,hvd-32044068331768,"seq 260, 李侗",260,李個字愿中宋福建劍浦人,high,primary_checked
797,name,430,hvd-32044068331768,"seq 260, 李侗",260,李個字愿中宋福建劍浦人,high,primary_checked
800,rosterentry,139,hvd-32044068331768,"seq 260, 李侗",260,李個字愿中宋福建劍浦人,high,primary_checked
1140,biography,139,hvd-32044068331768,seq 260–267,260,李個字愿中宋福建劍浦人,high,primary_checked
804,name,436,hvd-32044068331768,"seq 267, 陸九淵",267,陸九淵字子静宋江西金谿縣人,high,primary_checked
1141,biography,140,hvd-32044068331768,seq 267–271,267,陸九淵字子静宋江西金谿縣人,high,primary_checked
801,name,433,hvd-32044068331768,"seq 267, 陸九淵",267,陸九淵字子静宋江西金谿縣人,high,primary_checked
802,name,434,hvd-32044068331768,"seq 267, 陸九淵",267,陸九淵字子静宋江西金谿縣人,high,primary_checked
803,name,435,hvd-32044068331768,"seq 267, 陸九淵",267,陸九淵字子静宋江西金谿縣人,high,primary_checked
805,name,437,hvd-32044068331768,"seq 267, 陸九淵",267,陸九淵字子静宋江西金谿縣人,high,primary_checked
806,name,438,hvd-32044068331768,"seq 267, 陸九淵",267,陸九淵字子静宋江西金谿縣人,high,primary_checked
807,rosterentry,140,hvd-32044068331768,"seq 267, 陸九淵",267,陸九淵字子静宋江西金谿縣人,high,primary_checked
809,name,440,hvd-32044068331768,"seq 271, 張栻",271,張試字敬夫米四川绵竹人丞相浚子,high,primary_checked
810,name,441,hvd-32044068331768,"seq 271, 張栻",271,張試字敬夫米四川绵竹人丞相浚子,high,primary_checked
811,name,442,hvd-32044068331768,"seq 271, 張栻",271,張試字敬夫米四川绵竹人丞相浚子,high,primary_checked
813,rosterentry,141,hvd-32044068331768,"seq 271, 張栻",271,張試字敬夫米四川绵竹人丞相浚子,high,primary_checked
1142,biography,141,hvd-32044068331768,seq 271–277,271,張試字敬夫米四川绵竹人丞相浚子,high,primary_checked
812,name,443,hvd-32044068331768,"seq 271, 張栻",271,張試字敬夫米四川绵竹人丞相浚子,high,primary_checked
808,name,439,hvd-32044068331768,"seq 271, 張栻",271,張試字敬夫米四川绵竹人丞相浚子,high,primary_checked
1143,biography,142,hvd-32044068331768,seq 277–281,277,呂祖謙宇伯恭宋浙江婺州人,high,primary_checked
818,name,448,hvd-32044068331768,"seq 277, 呂祖謙",277,呂祖謙宇伯恭宋浙江婺州人,high,primary_checked
817,name,447,hvd-32044068331768,"seq 277, 呂祖謙",277,呂祖謙宇伯恭宋浙江婺州人,high,primary_checked
816,name,446,hvd-32044068331768,"seq 277, 呂祖謙",277,呂祖謙宇伯恭宋浙江婺州人,high,primary_checked
815,name,445,hvd-32044068331768,"seq 277, 呂祖謙",277,呂祖謙宇伯恭宋浙江婺州人,high,primary_checked
814,name,444,hvd-32044068331768,"seq 277, 呂祖謙",277,呂祖謙宇伯恭宋浙江婺州人,high,primary_checked
819,rosterentry,142,hvd-32044068331768,"seq 277, 呂祖謙",277,呂祖謙宇伯恭宋浙江婺州人,high,primary_checked
820,name,449,hvd-32044068331768,"seq 281, 袁燮",281,袁變字和叔南宋鄞縣人,high,primary_checked
824,rosterentry,143,hvd-32044068331768,"seq 281, 袁燮",281,袁變字和叔南宋鄞縣人,high,primary_checked
823,name,452,hvd-32044068331768,"seq 281, 袁燮",281,袁變字和叔南宋鄞縣人,high,primary_checked
822,name,451,hvd-32044068331768,"seq 281, 袁燮",281,袁變字和叔南宋鄞縣人,high,primary_checked
821,name,450,hvd-32044068331768,"seq 281, 袁燮",281,袁變字和叔南宋鄞縣人,high,primary_checked
1144,biography,143,hvd-32044068331768,seq 281–282,281,袁變字和叔南宋鄞縣人,high,primary_checked
825,name,453,hvd-32044068331768,"seq 282, 黃幹",282,黃幹字直卿宋福建閩縣人,high,primary_checked
826,name,454,hvd-32044068331768,"seq 282, 黃幹",282,黃幹字直卿宋福建閩縣人,high,primary_checked
827,name,455,hvd-32044068331768,"seq 282, 黃幹",282,黃幹字直卿宋福建閩縣人,high,primary_checked
828,name,456,hvd-32044068331768,"seq 282, 黃幹",282,黃幹字直卿宋福建閩縣人,high,primary_checked
829,name,457,hvd-32044068331768,"seq 282, 黃幹",282,黃幹字直卿宋福建閩縣人,high,primary_checked
830,rosterentry,144,hvd-32044068331768,"seq 282, 黃幹",282,黃幹字直卿宋福建閩縣人,high,primary_checked
1145,biography,144,hvd-32044068331768,seq 282–285,282,黃幹字直卿宋福建閩縣人,high,primary_checked
832,name,459,hvd-32044068331768,"seq 285, 陳淳",285,陳清字安卿宋福建龍溪人,high,primary_checked
835,rosterentry,145,hvd-32044068331768,"seq 285, 陳淳",285,陳清字安卿宋福建龍溪人,high,primary_checked
834,name,461,hvd-32044068331768,"seq 285, 陳淳",285,陳清字安卿宋福建龍溪人,high,primary_checked
833,name,460,hvd-32044068331768,"seq 285, 陳淳",285,陳清字安卿宋福建龍溪人,high,primary_checked
831,name,458,hvd-32044068331768,"seq 285, 陳淳",285,陳清字安卿宋福建龍溪人,high,primary_checked
1146,biography,145,hvd-32044068331768,seq 285–287,285,陳清字安卿宋福建龍溪人,high,primary_checked
837,name,463,hvd-32044068331768,"seq 287, 蔡沈",287,蔡沈字仲默宋福建建陽人元定季子,high,primary_checked
838,name,464,hvd-32044068331768,"seq 287, 蔡沈",287,蔡沈字仲默宋福建建陽人元定季子,high,primary_checked
1147,biography,146,hvd-32044068331768,seq 287–288,287,蔡沈字仲默宋福建建陽人元定季子,high,primary_checked
840,rosterentry,146,hvd-32044068331768,"seq 287, 蔡沈",287,蔡沈字仲默宋福建建陽人元定季子,high,primary_checked
839,name,465,hvd-32044068331768,"seq 287, 蔡沈",287,蔡沈字仲默宋福建建陽人元定季子,high,primary_checked
836,name,462,hvd-32044068331768,"seq 287, 蔡沈",287,蔡沈字仲默宋福建建陽人元定季子,high,primary_checked
846,rosterentry,147,hvd-32044068331768,"seq 288, 眞德秀",288,眞德秀字希元宋福建浦城人,high,primary_checked
1148,biography,147,hvd-32044068331768,seq 288–293,288,眞德秀字希元宋福建浦城人,high,primary_checked
841,name,466,hvd-32044068331768,"seq 288, 眞德秀",288,眞德秀字希元宋福建浦城人,high,primary_checked
842,name,467,hvd-32044068331768,"seq 288, 眞德秀",288,眞德秀字希元宋福建浦城人,high,primary_checked
843,name,468,hvd-32044068331768,"seq 288, 眞德秀",288,眞德秀字希元宋福建浦城人,high,primary_checked
844,name,469,hvd-32044068331768,"seq 288, 眞德秀",288,眞德秀字希元宋福建浦城人,high,primary_checked
845,name,470,hvd-32044068331768,"seq 288, 眞德秀",288,眞德秀字希元宋福建浦城人,high,primary_checked
1149,biography,148,hvd-32044068331768,seq 293–298,293,魏了翁宇華父宋四川蒲江人,high,primary_checked
847,name,471,hvd-32044068331768,"seq 293, 魏了翁",293,魏了翁宇華父宋四川蒲江人,high,primary_checked
851,name,475,hvd-32044068331768,"seq 293, 魏了翁",293,魏了翁宇華父宋四川蒲江人,high,primary_checked
850,name,474,hvd-32044068331768,"seq 293, 魏了翁",293,魏了翁宇華父宋四川蒲江人,high,primary_checked
849,name,473,hvd-32044068331768,"seq 293, 魏了翁",293,魏了翁宇華父宋四川蒲江人,high,primary_checked
848,name,472,hvd-32044068331768,"seq 293, 魏了翁",293,魏了翁宇華父宋四川蒲江人,high,primary_checked
852,rosterentry,148,hvd-32044068331768,"seq 293, 魏了翁",293,魏了翁宇華父宋四川蒲江人,high,primary_checked
855,name,478,hvd-32044068331768,"seq 298, 何基",298,何基字子恭宋浙江金華人,high,primary_checked
1150,biography,149,hvd-32044068331768,seq 298–300,298,何基字子恭宋浙江金華人,high,primary_checked
853,name,476,hvd-32044068331768,"seq 298, 何基",298,何基字子恭宋浙江金華人,high,primary_checked
854,name,477,hvd-32044068331768,"seq 298, 何基",298,何基字子恭宋浙江金華人,high,primary_checked
856,name,479,hvd-32044068331768,"seq 298, 何基",298,何基字子恭宋浙江金華人,high,primary_checked
857,rosterentry,149,hvd-32044068331768,"seq 298, 何基",298,何基字子恭宋浙江金華人,high,primary_checked
860,name,482,hvd-32044068331768,"seq 300, 王柏",300,王柏宇會之宋浙江金華人,high,primary_checked
864,rosterentry,150,hvd-32044068331768,"seq 300, 王柏",300,王柏宇會之宋浙江金華人,high,primary_checked
863,name,485,hvd-32044068331768,"seq 300, 王柏",300,王柏宇會之宋浙江金華人,high,primary_checked
1151,biography,150,hvd-32044068331768,seq 300–301,300,王柏宇會之宋浙江金華人,high,primary_checked
862,name,484,hvd-32044068331768,"seq 300, 王柏",300,王柏宇會之宋浙江金華人,high,primary_checked
861,name,483,hvd-32044068331768,"seq 300, 王柏",300,王柏宇會之宋浙江金華人,high,primary_checked
858,name,480,hvd-32044068331768,"seq 300, 王柏",300,王柏宇會之宋浙江金華人,high,primary_checked
859,name,481,hvd-32044068331768,"seq 300, 王柏",300,王柏宇會之宋浙江金華人,high,primary_checked
1152,biography,151,hvd-32044068331768,seq 301–303,301,金履祥宇吉夫宋浙江蘭谿人,high,primary_checked
865,name,486,hvd-32044068331768,"seq 301, 金履祥",301,金履祥宇吉夫宋浙江蘭谿人,high,primary_checked
866,name,487,hvd-32044068331768,"seq 301, 金履祥",301,金履祥宇吉夫宋浙江蘭谿人,high,primary_checked
867,name,488,hvd-32044068331768,"seq 301, 金履祥",301,金履祥宇吉夫宋浙江蘭谿人,high,primary_checked
868,name,489,hvd-32044068331768,"seq 301, 金履祥",301,金履祥宇吉夫宋浙江蘭谿人,high,primary_checked
869,name,490,hvd-32044068331768,"seq 301, 金履祥",301,金履祥宇吉夫宋浙江蘭谿人,high,primary_checked
870,rosterentry,151,hvd-32044068331768,"seq 301, 金履祥",301,金履祥宇吉夫宋浙江蘭谿人,high,primary_checked
873,name,493,hvd-32044068331768,"seq 303, 文天祥",303,文天祥字宋瑞又字履善宋之吉水人也,high,primary_checked
874,name,494,hvd-32044068331768,"seq 303, 文天祥",303,文天祥字宋瑞又字履善宋之吉水人也,high,primary_checked
875,rosterentry,152,hvd-32044068331768,"seq 303, 文天祥",303,文天祥字宋瑞又字履善宋之吉水人也,high,primary_checked
871,name,491,hvd-32044068331768,"seq 303, 文天祥",303,文天祥字宋瑞又字履善宋之吉水人也,high,primary_checked
872,name,492,hvd-32044068331768,"seq 303, 文天祥",303,文天祥字宋瑞又字履善宋之吉水人也,high,primary_checked
1153,biography,152,hvd-32044068331768,seq 303–312,303,文天祥字宋瑞又字履善宋之吉水人也,high,primary_checked
877,name,496,hvd-32044068331768,"seq 312, 陸秀夫",312,陸秀夫字君實宋鹽城人,high,primary_checked
1154,biography,153,hvd-32044068331768,seq 312–314,312,陸秀夫字君實宋鹽城人,high,primary_checked
879,rosterentry,153,hvd-32044068331768,"seq 312, 陸秀夫",312,陸秀夫字君實宋鹽城人,high,primary_checked
876,name,495,hvd-32044068331768,"seq 312, 陸秀夫",312,陸秀夫字君實宋鹽城人,high,primary_checked
878,name,497,hvd-32044068331768,"seq 312, 陸秀夫",312,陸秀夫字君實宋鹽城人,high,primary_checked
880,name,498,hvd-32044068331768,"seq 314, 趙復",314,趙復字仁甫宋江西德安人,high,primary_checked
1155,biography,154,hvd-32044068331768,seq 314–316,314,趙復字仁甫宋江西德安人,high,primary_checked
884,name,502,hvd-32044068331768,"seq 314, 趙復",314,趙復字仁甫宋江西德安人,high,primary_checked
883,name,501,hvd-32044068331768,"seq 314, 趙復",314,趙復字仁甫宋江西德安人,high,primary_checked
882,name,500,hvd-32044068331768,"seq 314, 趙復",314,趙復字仁甫宋江西德安人,high,primary_checked
881,name,499,hvd-32044068331768,"seq 314, 趙復",314,趙復字仁甫宋江西德安人,high,primary_checked
885,rosterentry,154,hvd-32044068331768,"seq 314, 趙復",314,趙復字仁甫宋江西德安人,high,primary_checked
887,name,504,hvd-32044068331768,"seq 316, 陳澔",316,陳淵字可大號雲莊又號北山叟元江西都昌人,high,primary_checked
1156,biography,155,hvd-32044068331768,seq 316–317,316,陳淵字可大號雲莊又號北山叟元江西都昌人,high,primary_checked
886,name,503,hvd-32044068331768,"seq 316, 陳澔",316,陳淵字可大號雲莊又號北山叟元江西都昌人,high,primary_checked
888,name,505,hvd-32044068331768,"seq 316, 陳澔",316,陳淵字可大號雲莊又號北山叟元江西都昌人,high,primary_checked
889,name,506,hvd-32044068331768,"seq 316, 陳澔",316,陳淵字可大號雲莊又號北山叟元江西都昌人,high,primary_checked
890,name,507,hvd-32044068331768,"seq 316, 陳澔",316,陳淵字可大號雲莊又號北山叟元江西都昌人,high,primary_checked
891,name,508,hvd-32044068331768,"seq 316, 陳澔",316,陳淵字可大號雲莊又號北山叟元江西都昌人,high,primary_checked
892,rosterentry,155,hvd-32044068331768,"seq 316, 陳澔",316,陳淵字可大號雲莊又號北山叟元江西都昌人,high,primary_checked
899,rosterentry,156,hvd-32044068331768,"seq 317, 許謙",317,許謙字益之元浙江金華人,high,primary_checked
893,name,509,hvd-32044068331768,"seq 317, 許謙",317,許謙字益之元浙江金華人,high,primary_checked
894,name,510,hvd-32044068331768,"seq 317, 許謙",317,許謙字益之元浙江金華人,high,primary_checked
895,name,511,hvd-32044068331768,"seq 317, 許謙",317,許謙字益之元浙江金華人,high,primary_checked
1157,biography,156,hvd-32044068331768,seq 317–319,317,許謙字益之元浙江金華人,high,primary_checked
896,name,512,hvd-32044068331768,"seq 317, 許謙",317,許謙字益之元浙江金華人,high,primary_checked
897,name,513,hvd-32044068331768,"seq 317, 許謙",317,許謙字益之元浙江金華人,high,primary_checked
898,name,514,hvd-32044068331768,"seq 317, 許謙",317,許謙字益之元浙江金華人,high,primary_checked
901,name,516,hvd-32044068331768,"seq 319, 許衡",319,許衡宇平仲元河南河内人,high,primary_checked
903,name,518,hvd-32044068331768,"seq 319, 許衡",319,許衡宇平仲元河南河内人,high,primary_checked
904,name,519,hvd-32044068331768,"seq 319, 許衡",319,許衡宇平仲元河南河内人,high,primary_checked
905,rosterentry,157,hvd-32044068331768,"seq 319, 許衡",319,許衡宇平仲元河南河内人,high,primary_checked
1158,biography,157,hvd-32044068331768,seq 319–325,319,許衡宇平仲元河南河内人,high,primary_checked
900,name,515,hvd-32044068331768,"seq 319, 許衡",319,許衡宇平仲元河南河内人,high,primary_checked
902,name,517,hvd-32044068331768,"seq 319, 許衡",319,許衡宇平仲元河南河内人,high,primary_checked
908,name,522,hvd-32044068331768,"seq 325, 吳澄",325,吳澄宇幼淸元撫州崇仁人,high,primary_checked
910,name,524,hvd-32044068331768,"seq 325, 吳澄",325,吳澄宇幼淸元撫州崇仁人,high,primary_checked
911,rosterentry,158,hvd-32044068331768,"seq 325, 吳澄",325,吳澄宇幼淸元撫州崇仁人,high,primary_checked
1159,biography,158,hvd-32044068331768,seq 325–331,325,吳澄宇幼淸元撫州崇仁人,high,primary_checked
906,name,520,hvd-32044068331768,"seq 325, 吳澄",325,吳澄宇幼淸元撫州崇仁人,high,primary_checked
907,name,521,hvd-32044068331768,"seq 325, 吳澄",325,吳澄宇幼淸元撫州崇仁人,high,primary_checked
909,name,523,hvd-32044068331768,"seq 325, 吳澄",325,吳澄宇幼淸元撫州崇仁人,high,primary_checked
913,name,526,hvd-32044068331768,"seq 331, 方孝孺",331,方孝孺字希直一字希古號遜志又號小韓子,high,primary_checked
916,name,529,hvd-32044068331768,"seq 331, 方孝孺",331,方孝孺字希直一字希古號遜志又號小韓子,high,primary_checked
1160,biography,159,hvd-32044068331768,seq 331–334,331,方孝孺字希直一字希古號遜志又號小韓子,high,primary_checked
914,name,527,hvd-32044068331768,"seq 331, 方孝孺",331,方孝孺字希直一字希古號遜志又號小韓子,high,primary_checked
917,name,530,hvd-32044068331768,"seq 331, 方孝孺",331,方孝孺字希直一字希古號遜志又號小韓子,high,primary_checked
915,name,528,hvd-32044068331768,"seq 331, 方孝孺",331,方孝孺字希直一字希古號遜志又號小韓子,high,primary_checked
912,name,525,hvd-32044068331768,"seq 331, 方孝孺",331,方孝孺字希直一字希古號遜志又號小韓子,high,primary_checked
918,rosterentry,159,hvd-32044068331768,"seq 331, 方孝孺",331,方孝孺字希直一字希古號遜志又號小韓子,high,primary_checked
919,name,531,hvd-32044068331768,"seq 334, 曹端",334,曹端字正夫明河南渑池人,high,primary_checked
920,name,532,hvd-32044068331768,"seq 334, 曹端",334,曹端字正夫明河南渑池人,high,primary_checked
921,name,533,hvd-32044068331768,"seq 334, 曹端",334,曹端字正夫明河南渑池人,high,primary_checked
922,name,534,hvd-32044068331768,"seq 334, 曹端",334,曹端字正夫明河南渑池人,high,primary_checked
923,rosterentry,160,hvd-32044068331768,"seq 334, 曹端",334,曹端字正夫明河南渑池人,high,primary_checked
1161,biography,160,hvd-32044068331768,seq 334–336,334,曹端字正夫明河南渑池人,high,primary_checked
928,name,539,hvd-32044068331768,"seq 336, 薛瑄",336,薛瑄字德溫號敬軒明山西河津人,high,primary_checked
929,rosterentry,161,hvd-32044068331768,"seq 336, 薛瑄",336,薛瑄字德溫號敬軒明山西河津人,high,primary_checked
927,name,538,hvd-32044068331768,"seq 336, 薛瑄",336,薛瑄字德溫號敬軒明山西河津人,high,primary_checked
1162,biography,161,hvd-32044068331768,seq 336–341,336,薛瑄字德溫號敬軒明山西河津人,high,primary_checked
926,name,537,hvd-32044068331768,"seq 336, 薛瑄",336,薛瑄字德溫號敬軒明山西河津人,high,primary_checked
925,name,536,hvd-32044068331768,"seq 336, 薛瑄",336,薛瑄字德溫號敬軒明山西河津人,high,primary_checked
924,name,535,hvd-32044068331768,"seq 336, 薛瑄",336,薛瑄字德溫號敬軒明山西河津人,high,primary_checked
934,rosterentry,162,hvd-32044068331768,"seq 341, 胡居仁",341,胡居仁字叔心明餘干人,high,primary_checked
1163,biography,162,hvd-32044068331768,seq 341–343,341,胡居仁字叔心明餘干人,high,primary_checked
933,name,543,hvd-32044068331768,"seq 341, 胡居仁",341,胡居仁字叔心明餘干人,high,primary_checked
932,name,542,hvd-32044068331768,"seq 341, 胡居仁",341,胡居仁字叔心明餘干人,high,primary_checked
931,name,541,hvd-32044068331768,"seq 341, 胡居仁",341,胡居仁字叔心明餘干人,high,primary_checked
930,name,540,hvd-32044068331768,"seq 341, 胡居仁",341,胡居仁字叔心明餘干人,high,primary_checked
936,name,545,hvd-32044068331768,"seq 343, 陳獻章",343,陳獻章字公甫明新會人,high,primary_checked
935,name,544,hvd-32044068331768,"seq 343, 陳獻章",343,陳獻章字公甫明新會人,high,primary_checked
937,name,546,hvd-32044068331768,"seq 343, 陳獻章",343,陳獻章字公甫明新會人,high,primary_checked
938,name,547,hvd-32044068331768,"seq 343, 陳獻章",343,陳獻章字公甫明新會人,high,primary_checked
939,rosterentry,163,hvd-32044068331768,"seq 343, 陳獻章",343,陳獻章字公甫明新會人,high,primary_checked
1164,biography,163,hvd-32044068331768,seq 343–345,343,陳獻章字公甫明新會人,high,primary_checked
944,name,552,hvd-32044068331768,"seq 345, 蔡清",345,蔡清字介夫明福建晉江人,high,primary_checked
1165,biography,164,hvd-32044068331768,seq 345–346,345,蔡清字介夫明福建晉江人,high,primary_checked
940,name,548,hvd-32044068331768,"seq 345, 蔡清",345,蔡清字介夫明福建晉江人,high,primary_checked
941,name,549,hvd-32044068331768,"seq 345, 蔡清",345,蔡清字介夫明福建晉江人,high,primary_checked
942,name,550,hvd-32044068331768,"seq 345, 蔡清",345,蔡清字介夫明福建晉江人,high,primary_checked
943,name,551,hvd-32044068331768,"seq 345, 蔡清",345,蔡清字介夫明福建晉江人,high,primary_checked
945,rosterentry,164,hvd-32044068331768,"seq 345, 蔡清",345,蔡清字介夫明福建晉江人,high,primary_checked
949,name,556,hvd-32044068331768,"seq 346, 王守仁",346,王守仁字伯安明浙江餘姚人,high,primary_checked
950,rosterentry,165,hvd-32044068331768,"seq 346, 王守仁",346,王守仁字伯安明浙江餘姚人,high,primary_checked
1166,biography,165,hvd-32044068331768,seq 346–351,346,王守仁字伯安明浙江餘姚人,high,primary_checked
946,name,553,hvd-32044068331768,"seq 346, 王守仁",346,王守仁字伯安明浙江餘姚人,high,primary_checked
947,name,554,hvd-32044068331768,"seq 346, 王守仁",346,王守仁字伯安明浙江餘姚人,high,primary_checked
948,name,555,hvd-32044068331768,"seq 346, 王守仁",346,王守仁字伯安明浙江餘姚人,high,primary_checked
955,name,561,hvd-32044068331768,"seq 351, 羅欽順",351,羅欽順字允升明江西泰和八,high,primary_checked
954,name,560,hvd-32044068331768,"seq 351, 羅欽順",351,羅欽順字允升明江西泰和八,high,primary_checked
956,rosterentry,166,hvd-32044068331768,"seq 351, 羅欽順",351,羅欽順字允升明江西泰和八,high,primary_checked
1167,biography,166,hvd-32044068331768,seq 351–353,351,羅欽順字允升明江西泰和八,high,primary_checked
951,name,557,hvd-32044068331768,"seq 351, 羅欽順",351,羅欽順字允升明江西泰和八,high,primary_checked
952,name,558,hvd-32044068331768,"seq 351, 羅欽順",351,羅欽順字允升明江西泰和八,high,primary_checked
953,name,559,hvd-32044068331768,"seq 351, 羅欽順",351,羅欽順字允升明江西泰和八,high,primary_checked
960,name,565,hvd-32044068331768,"seq 353, 呂柟",353,呂神明陝西高陵人字仲木別號涇野,high,primary_checked
1168,biography,167,hvd-32044068331768,seq 353–356,353,呂神明陝西高陵人字仲木別號涇野,high,primary_checked
957,name,562,hvd-32044068331768,"seq 353, 呂柟",353,呂神明陝西高陵人字仲木別號涇野,high,primary_checked
958,name,563,hvd-32044068331768,"seq 353, 呂柟",353,呂神明陝西高陵人字仲木別號涇野,high,primary_checked
959,name,564,hvd-32044068331768,"seq 353, 呂柟",353,呂神明陝西高陵人字仲木別號涇野,high,primary_checked
961,rosterentry,167,hvd-32044068331768,"seq 353, 呂柟",353,呂神明陝西高陵人字仲木別號涇野,high,primary_checked
965,name,569,hvd-32044068331768,"seq 356, 呂坤",356,呂坤字叔簡號新吾明河南甯陵人,high,primary_checked
967,rosterentry,168,hvd-32044068331768,"seq 356, 呂坤",356,呂坤字叔簡號新吾明河南甯陵人,high,primary_checked
966,name,570,hvd-32044068331768,"seq 356, 呂坤",356,呂坤字叔簡號新吾明河南甯陵人,high,primary_checked
964,name,568,hvd-32044068331768,"seq 356, 呂坤",356,呂坤字叔簡號新吾明河南甯陵人,high,primary_checked
963,name,567,hvd-32044068331768,"seq 356, 呂坤",356,呂坤字叔簡號新吾明河南甯陵人,high,primary_checked
962,name,566,hvd-32044068331768,"seq 356, 呂坤",356,呂坤字叔簡號新吾明河南甯陵人,high,primary_checked
1169,biography,168,hvd-32044068331768,seq 356–360,356,呂坤字叔簡號新吾明河南甯陵人,high,primary_checked
969,name,572,hvd-32044068331768,"seq 360, 劉宗周",360,劉宗周字起東號蕺山明浙江山陰人,high,primary_checked
968,name,571,hvd-32044068331768,"seq 360, 劉宗周",360,劉宗周字起東號蕺山明浙江山陰人,high,primary_checked
1170,biography,169,hvd-32044068331768,seq 360–365,360,劉宗周字起東號蕺山明浙江山陰人,high,primary_checked
975,rosterentry,169,hvd-32044068331768,"seq 360, 劉宗周",360,劉宗周字起東號蕺山明浙江山陰人,high,primary_checked
974,name,577,hvd-32044068331768,"seq 360, 劉宗周",360,劉宗周字起東號蕺山明浙江山陰人,high,primary_checked
973,name,576,hvd-32044068331768,"seq 360, 劉宗周",360,劉宗周字起東號蕺山明浙江山陰人,high,primary_checked
972,name,575,hvd-32044068331768,"seq 360, 劉宗周",360,劉宗周字起東號蕺山明浙江山陰人,high,primary_checked
971,name,574,hvd-32044068331768,"seq 360, 劉宗周",360,劉宗周字起東號蕺山明浙江山陰人,high,primary_checked
970,name,573,hvd-32044068331768,"seq 360, 劉宗周",360,劉宗周字起東號蕺山明浙江山陰人,high,primary_checked
980,rosterentry,170,hvd-32044068331768,"seq 365, 黃道周",365,黃道周字幼平漳浦人,high,primary_checked
1171,biography,170,hvd-32044068331768,seq 365–369,365,黃道周字幼平漳浦人,high,primary_checked
976,name,578,hvd-32044068331768,"seq 365, 黃道周",365,黃道周字幼平漳浦人,high,primary_checked
977,name,579,hvd-32044068331768,"seq 365, 黃道周",365,黃道周字幼平漳浦人,high,primary_checked
979,name,581,hvd-32044068331768,"seq 365, 黃道周",365,黃道周字幼平漳浦人,high,primary_checked
978,name,580,hvd-32044068331768,"seq 365, 黃道周",365,黃道周字幼平漳浦人,high,primary_checked
983,name,584,hvd-32044068331768,"seq 369, 孫奇逢",369,孫尚逢字啟泰號鍾元明容城人,high,primary_checked
981,name,582,hvd-32044068331768,"seq 369, 孫奇逢",369,孫尚逢字啟泰號鍾元明容城人,high,primary_checked
1172,biography,171,hvd-32044068331768,seq 369–374,369,孫尚逢字啟泰號鍾元明容城人,high,primary_checked
985,rosterentry,171,hvd-32044068331768,"seq 369, 孫奇逢",369,孫尚逢字啟泰號鍾元明容城人,high,primary_checked
984,name,585,hvd-32044068331768,"seq 369, 孫奇逢",369,孫尚逢字啟泰號鍾元明容城人,high,primary_checked
982,name,583,hvd-32044068331768,"seq 369, 孫奇逢",369,孫尚逢字啟泰號鍾元明容城人,high,primary_checked
991,rosterentry,172,hvd-32044068331768,"seq 374, 湯斌",374,湯斌字孔伯號潛菴河南睢州人,high,primary_checked
1173,biography,172,hvd-32044068331768,seq 374–386,374,湯斌字孔伯號潛菴河南睢州人,high,primary_checked
989,name,589,hvd-32044068331768,"seq 374, 湯斌",374,湯斌字孔伯號潛菴河南睢州人,high,primary_checked
988,name,588,hvd-32044068331768,"seq 374, 湯斌",374,湯斌字孔伯號潛菴河南睢州人,high,primary_checked
987,name,587,hvd-32044068331768,"seq 374, 湯斌",374,湯斌字孔伯號潛菴河南睢州人,high,primary_checked
986,name,586,hvd-32044068331768,"seq 374, 湯斌",374,湯斌字孔伯號潛菴河南睢州人,high,primary_checked
990,name,590,hvd-32044068331768,"seq 374, 湯斌",374,湯斌字孔伯號潛菴河南睢州人,high,primary_checked
995,name,594,hvd-32044068331768,"seq 386, 陸隴其",386,陸隴其字稼書浙江平湖人,high,primary_checked
993,name,592,hvd-32044068331768,"seq 386, 陸隴其",386,陸隴其字稼書浙江平湖人,high,primary_checked
992,name,591,hvd-32044068331768,"seq 386, 陸隴其",386,陸隴其字稼書浙江平湖人,high,primary_checked
996,rosterentry,173,hvd-32044068331768,"seq 386, 陸隴其",386,陸隴其字稼書浙江平湖人,high,primary_checked
1174,biography,173,hvd-32044068331768,seq 386–396,386,陸隴其字稼書浙江平湖人,high,primary_checked
994,name,593,hvd-32044068331768,"seq 386, 陸隴其",386,陸隴其字稼書浙江平湖人,high,primary_checked
1000,name,598,hvd-32044068331768,"seq 396, 張履祥",396,張履祥字考夫浙江桐鄉人,high,primary_checked
999,name,597,hvd-32044068331768,"seq 396, 張履祥",396,張履祥字考夫浙江桐鄉人,high,primary_checked
998,name,596,hvd-32044068331768,"seq 396, 張履祥",396,張履祥字考夫浙江桐鄉人,high,primary_checked
997,name,595,hvd-32044068331768,"seq 396, 張履祥",396,張履祥字考夫浙江桐鄉人,high,primary_checked
1175,biography,174,hvd-32044068331768,seq 396–397,396,張履祥字考夫浙江桐鄉人,high,primary_checked
1001,rosterentry,174,hvd-32044068331768,"seq 396, 張履祥",396,張履祥字考夫浙江桐鄉人,high,primary_checked
1176,biography,175,hvd-32044068331941,卷之一 seq 35–77,35,至聖先師孔子,high,primary_checked
1177,biography,176,hvd-32044068331941,卷之二 seq 79–80,79,復聖顏子,high,primary_checked
1178,biography,177,hvd-32044068331941,卷之二 seq 81–82,81,述聖子思子,high,primary_checked
1179,biography,178,hvd-32044068331941,卷之二 seq 83,83,宗聖會子,high,primary_checked
1180,biography,179,hvd-32044068331941,卷之二 seq 85–90,85,亞聖孟子,high,primary_checked
1181,biography,180,hvd-32044068331941,卷之三 seq 95–96,95,先賢閔子損,high,primary_checked
1182,biography,181,hvd-32044068331941,卷之三 seq 97–98,97,先賢冉子雍,high,primary_checked
1183,biography,182,hvd-32044068331941,卷之三 seq 99–108,99,先賢端木子賜,high,primary_checked
1184,biography,183,hvd-32044068331941,卷之三 seq 109–112,109,先賢仲子由,high,primary_checked
1185,biography,184,hvd-32044068331941,卷之三 seq 113–114,113,先賢卜子商,high,primary_checked
1186,biography,185,hvd-32044068331941,卷之三 seq 115–116,115,先賢有子若,high,primary_checked
1187,biography,186,hvd-32044068331941,卷之三 seq 117–118,117,先賢冉子耕,high,primary_checked
1188,biography,187,hvd-32044068331941,卷之三 seq 119–120,119,先賢宰子予,high,primary_checked
1189,biography,188,hvd-32044068331941,卷之三 seq 121–122,121,先賢再子求,high,primary_checked
1190,biography,189,hvd-32044068331941,卷之三 seq 123–124,123,先賢言子偃,high,primary_checked
1191,biography,190,hvd-32044068331941,卷之三 seq 125–126,125,先賢顓孫子師,high,primary_checked
1192,biography,191,hvd-32044068331941,卷之四 seq 127–174,127,先賢朱子熹,high,primary_checked
1193,biography,192,hvd-32044068331941,卷之五 seq 175–176,175,先賢蘧瑗,high,primary_checked
1194,biography,193,hvd-32044068331941,卷之五 seq 177–178,177,先賢澹臺滅明,high,primary_checked
1195,biography,194,hvd-32044068331941,卷之五 seq 179–180,179,先賢原憲,high,primary_checked
1196,biography,195,hvd-32044068331941,卷之五 seq 181–182,181,先賢南宮适,high,primary_checked
1197,biography,196,hvd-32044068331941,卷之五 seq 183–184,183,先賢商瞿,high,primary_checked
1198,biography,197,hvd-32044068331941,卷之五 seq 185,185,先賢漆雕開,high,primary_checked
1199,biography,198,hvd-32044068331941,卷之五 seq 186,186,先賢司馬耕,high,primary_checked
1200,biography,199,hvd-32044068331941,卷之五 seq 187,187,先賢梁鱸,high,primary_checked
1201,biography,200,hvd-32044068331941,卷之五 seq 188,188,先賢冉孺,high,primary_checked
1202,biography,201,hvd-32044068331941,卷之五 seq 189,189,先賢伯虔,high,primary_checked
1203,biography,202,hvd-32044068331941,卷之五 seq 190,190,先賢冉季,high,primary_checked
1204,biography,203,hvd-32044068331941,卷之五 seq 191,191,先賢漆雕徒父,high,primary_checked
1205,biography,204,hvd-32044068331941,卷之五 seq 192,192,先賢漆雕哆,high,primary_checked
1206,biography,205,hvd-32044068331941,卷之五 seq 193–195,193,先賢公西赤,high,primary_checked
1207,biography,206,hvd-32044068331941,卷之五 seq 196,196,先賢任不齊,high,primary_checked
1208,biography,207,hvd-32044068331941,卷之五 seq 197,197,先賢公良孺,high,primary_checked
1209,biography,208,hvd-32044068331941,卷之五 seq 198,198,先賢公肩定,high,primary_checked
1210,biography,209,hvd-32044068331941,卷之五 seq 199,199,先賢鄡單,high,primary_checked
1211,biography,210,hvd-32044068331941,卷之五 seq 200,200,先賢罕父黑,high,primary_checked
1212,biography,211,hvd-32044068331941,卷之五 seq 201,201,先賢榮旂,high,primary_checked
1213,biography,212,hvd-32044068331941,卷之五 seq 202,202,先賢左人郢,high,primary_checked
1214,biography,213,hvd-32044068331941,卷之五 seq 203,203,先賢鄭國,high,primary_checked
1215,biography,214,hvd-32044068331941,卷之五 seq 204,204,先賢原亢,high,primary_checked
1216,biography,215,hvd-32044068331941,卷之五 seq 205,205,先賢廉潔,high,primary_checked
1217,biography,216,hvd-32044068331941,卷之五 seq 206,206,先賢叔仲會,high,primary_checked
1218,biography,217,hvd-32044068331941,卷之五 seq 207,207,先賢公西輿如,high,primary_checked
1219,biography,218,hvd-32044068331941,卷之五 seq 208,208,先賢邽巽,high,primary_checked
1220,biography,219,hvd-32044068331941,卷之五 seq 209,209,先賢陳亢,high,primary_checked
1221,biography,220,hvd-32044068331941,卷之五 seq 210,210,先賢琴張,high,primary_checked
1222,biography,221,hvd-32044068331941,卷之五 seq 211,211,先賢歩叔乘,high,primary_checked
1223,biography,222,hvd-32044068331941,卷之五 seq 212,212,先賢秦非,high,primary_checked
1224,biography,223,hvd-32044068331941,卷之五 seq 213,213,先賢顏噲,high,primary_checked
1225,biography,224,hvd-32044068331941,卷之五 seq 214,214,先賢顏何,high,primary_checked
1226,biography,225,hvd-32044068331941,卷之五 seq 215,215,先賢縣宜,high,primary_checked
1227,biography,226,hvd-32044068331941,卷之五 seq 216,216,先賢樂正克,high,primary_checked
1228,biography,227,hvd-32044068331941,卷之五 seq 217,217,先賢萬章,high,primary_checked
1229,biography,228,hvd-32044068331941,卷之六 seq 223–228,223,先賢周敦頤,high,primary_checked
1230,biography,229,hvd-32044068331941,卷之六 seq 229–240,229,先賢程顥,high,primary_checked
1231,biography,230,hvd-32044068331941,卷之六 seq 241–247,241,先賢邵雍,high,primary_checked
1232,biography,231,hvd-32044068331941,卷之七 seq 249–250,249,先賢林放,high,primary_checked
1233,biography,232,hvd-32044068331941,卷之七 seq 251–260,251,先賢宓不齊,high,primary_checked
1234,biography,233,hvd-32044068331941,卷之七 seq 261,261,先賢公冶長,high,primary_checked
1235,biography,234,hvd-32044068331941,卷之七 seq 262,262,先賢公皙哀,high,primary_checked
1236,biography,235,hvd-32044068331941,卷之七 seq 263–266,263,先賢高柴,high,primary_checked
1237,biography,236,hvd-32044068331941,卷之七 seq 267–268,267,先賢樊須,high,primary_checked
1238,biography,237,hvd-32044068331941,卷之七 seq 269–270,269,先賢商澤,high,primary_checked
1239,biography,238,hvd-32044068331941,卷之七 seq 271–272,271,先賢巫馬施,high,primary_checked
1240,biography,239,hvd-32044068331941,卷之七 seq 273,273,先賢顏辛,high,primary_checked
1241,biography,240,hvd-32044068331941,卷之七 seq 274,274,先賢曹卹,high,primary_checked
1242,biography,241,hvd-32044068331941,卷之七 seq 275,275,先賢公孫龍,high,primary_checked
1243,biography,242,hvd-32044068331941,卷之七 seq 276,276,先賢秦商,high,primary_checked
1244,biography,243,hvd-32044068331941,卷之七 seq 277,277,先賢顏高,high,primary_checked
1245,biography,244,hvd-32044068331941,卷之七 seq 278,278,先賢壤駟赤,high,primary_checked
1246,biography,245,hvd-32044068331941,卷之七 seq 279,279,先賢石作蜀,high,primary_checked
1247,biography,246,hvd-32044068331941,卷之七 seq 280,280,先賢公夏首,high,primary_checked
1248,biography,247,hvd-32044068331941,卷之七 seq 281,281,先賢后處,high,primary_checked
1249,biography,248,hvd-32044068331941,卷之七 seq 282,282,先賢笑容葳,high,primary_checked
1250,biography,249,hvd-32044068331941,卷之七 seq 283,283,先賢顏祖,high,primary_checked
1251,biography,250,hvd-32044068331941,卷之七 seq 284,284,先賢向井疆,high,primary_checked
1252,biography,251,hvd-32044068331941,卷之七 seq 285,285,先賢泰祖,high,primary_checked
1253,biography,252,hvd-32044068331941,卷之七 seq 286,286,先賢縣成,high,primary_checked
1254,biography,253,hvd-32044068331941,卷之七 seq 287,287,先賢公祖句茲,high,primary_checked
1255,biography,254,hvd-32044068331941,卷之七 seq 288,288,先賢燕伋,high,primary_checked
1256,biography,255,hvd-32044068331941,卷之七 seq 289,289,先賢樂欬,high,primary_checked
1257,biography,256,hvd-32044068331941,卷之七 seq 290,290,先賢狄黑,high,primary_checked
1258,biography,257,hvd-32044068331941,卷之七 seq 291–293,291,先賢孔忠,high,primary_checked
1259,biography,258,hvd-32044068331941,卷之七 seq 294,294,先賢公西蔵,high,primary_checked
1260,biography,259,hvd-32044068331941,卷之七 seq 295,295,先賢顏之僕,high,primary_checked
1261,biography,260,hvd-32044068331941,卷之七 seq 296,296,先賢施之常,high,primary_checked
1262,biography,261,hvd-32044068331941,卷之七 seq 297–298,297,先賢申根,high,primary_checked
1263,biography,262,hvd-32044068331941,卷之七 seq 299–300,299,先賢左邱明,high,primary_checked
1264,biography,263,hvd-32044068331941,卷之七 seq 301–302,301,先賢秦冉,high,primary_checked
1265,biography,264,hvd-32044068331941,卷之七 seq 303,303,先賢牧皮,high,primary_checked
1266,biography,265,hvd-32044068331941,卷之七 seq 304,304,先賢公都子,high,primary_checked
1267,biography,266,hvd-32044068331941,卷之七 seq 305,305,先賢公孫丑,high,primary_checked
1268,biography,267,hvd-32044068331941,卷之八 seq 311–317,311,先賢張載,high,primary_checked
1269,biography,268,hvd-32044068331941,卷之八 seq 319–331,319,先賢程頤,high,primary_checked
1270,biography,269,hvd-32044068331941,卷之九 seq 333–334,333,先儒公羊高,high,primary_checked
1271,biography,270,hvd-32044068331941,卷之九 seq 335–339,335,先儒伏勝,high,primary_checked
1272,biography,271,hvd-32044068331941,卷之九 seq 341–382,341,先儒董仲舒,high,primary_checked
1273,biography,272,hvd-32044068331941,卷之九 seq 383–384,383,先儒后蒼,high,primary_checked
1274,biography,273,hvd-32044068331941,卷之九 seq 385–386,385,先儒杜子春,high,primary_checked
1275,biography,274,hvd-32044068331941,卷之十 seq 391–419,391,先儒諸葛亮,high,primary_checked
1276,biography,275,hvd-32044068331941,卷之十 seq 421–423,421,先儒王通,high,primary_checked
1277,biography,276,hvd-32044068331941,卷之十一 seq 425–480,425,先儒陸贄,high,primary_checked
1278,biography,277,hvd-32044068331941,卷之十二 seq 487–510,487,先儒范仲淹,high,primary_checked
1279,biography,278,hvd-32044068331941,卷之十二 seq 511–528,511,先儒歐陽修,high,primary_checked
1280,biography,279,hvd-32044068331941,卷之十三 seq 529–542,529,楊時字中立南劍將樂人,high,primary_checked
1281,biography,280,hvd-32044068331941,卷之十三 seq 543–550,543,羅從彥字仲素南劍人,high,primary_checked
1282,biography,281,hvd-32044068331941,卷之十三 seq 551–559,551,李侗字愿中南劍州劍浦人,high,primary_checked
1283,biography,282,hvd-32044068331941,卷之十三 seq 561–568,561,呂祖謙字伯恭尙書右丞好問之孫也,high,primary_checked
1284,biography,283,hvd-32044068331941,卷之十三 seq 569–571,569,沈字仲默少從朱熹游,high,primary_checked
1285,biography,284,hvd-32044068331941,卷之十三 seq 573–579,573,陳淳字安卿漳州龍溪人,high,primary_checked
1286,biography,285,hvd-32044068331941,卷之十三 seq 581–596,581,魏了翁字華父邛州蒲江人,high,primary_checked
1287,biography,286,hvd-32044068331941,卷之十三 seq 597–602,597,王柏字會之婺州金華人,high,primary_checked
1288,biography,287,hvd-32044068331941,卷之十四 seq 607–610,607,趙復字仁甫德安人也,high,primary_checked
1289,biography,288,hvd-32044068331941,卷之十四 seq 611–620,611,許謙字益之其先京兆人,high,primary_checked
1290,biography,289,hvd-32044068331941,卷之十四 seq 621–632,621,吳澄字幼清撫州崇仁人,high,primary_checked
1291,biography,290,hvd-32044068331941,卷之十四 seq 633–636,633,胡居仁字叔心餘千人,high,primary_checked
1292,biography,291,hvd-32044068331941,卷之十四 seq 637–664,637,王守仁字伯安餘姚人,high,primary_checked
1293,biography,292,hvd-32044068331941,卷之十四 seq 665–669,665,羅欽順字允升泰和人,high,primary_checked
1294,biography,293,hvd-32044068331941,卷之十四 seq 671–695,671,黄道周宇幼平漳浦人,high,primary_checked
1295,biography,294,hvd-32044068331941,卷之十四 seq 697–700,697,謹按先儒湯斌字潜菴睢州人,high,primary_checked
1296,biography,295,hvd-32044068331941,卷之十五 seq 701–702,701,先儒穀梁赤,high,primary_checked
1297,biography,296,hvd-32044068331941,卷之十五 seq 703–704,703,漢興魯高堂生傳士禮十七篇,high,primary_checked
1298,biography,297,hvd-32044068331941,卷之十五 seq 705–706,705,孔氏有古文尚書孔安國以今文字讀之,high,primary_checked
1299,biography,298,hvd-32044068331941,卷之十五 seq 707–708,707,毛公趙人也治詩為河間獻王博士,high,primary_checked
1300,biography,299,hvd-32044068331941,卷之十五 seq 709–720,709,鄭元字康成北海高密人也,high,primary_checked
1301,biography,300,hvd-32044068331941,卷之十五 seq 721–733,721,范甯宇武子少篤學多所通覽,high,primary_checked
1302,biography,301,hvd-32044068331941,卷之十六 seq 739–765,739,先儒韓愈,high,primary_checked
1303,biography,302,hvd-32044068331941,卷之十六 seq 767–770,767,胡瑗字翼之泰州海陵人,high,primary_checked
1304,biography,303,hvd-32044068331941,卷之十六 seq 771–804,771,司馬光字君實陝州夏縣人也,high,primary_checked
1305,biography,304,hvd-32044068331941,卷之十七 seq 805–815,805,尹焯字彥明一字德充世爲洛人,high,primary_checked
1306,biography,305,hvd-32044068331941,卷之十七 seq 817–836,817,胡安國字康侯建寧崇安人,high,primary_checked
1307,biography,306,hvd-32044068331941,卷之十七 seq 837–849,837,張栻字敬夫丞相浚子也,high,primary_checked
1308,biography,307,hvd-32044068331941,卷之十七 seq 851–860,851,陸九淵字子静生三四歲問其父天地何所窮際,high,primary_checked
1309,biography,308,hvd-32044068331941,卷之十八 seq 865–878,865,先儒黃幹,high,primary_checked
1310,biography,309,hvd-32044068331941,卷之十八 seq 879–898,879,眞德秀字景元後更為景希建之浦城人,high,primary_checked
1311,biography,310,hvd-32044068331941,卷之十八 seq 899–902,899,何基字子恭婺州金華人,high,primary_checked
1312,biography,311,hvd-32044068331941,卷之十九 seq 903–904,903,謹按先儒陳澔字可久元初都昌人,high,primary_checked
1313,biography,312,hvd-32044068331941,卷之十九 seq 905–910,905,金履祥字吉父發之蘭溪人,high,primary_checked
1314,biography,313,hvd-32044068331941,卷之十九 seq 911–945,911,許衡字仲平懷之河內人也,high,primary_checked
1315,biography,314,hvd-32044068331941,卷之二十 seq 951–956,951,薛瑄字德温河津人,high,primary_checked
1316,biography,315,hvd-32044068331941,卷之二十 seq 957–960,957,陳獻章字公甫新會人,high,primary_checked
1317,biography,316,hvd-32044068331941,卷之二十 seq 961–964,961,蔡清字介夫晉江人,high,primary_checked
1318,biography,317,hvd-32044068331941,卷之二十 seq 965–982,965,呂坤宇叔簡寧陵人,high,primary_checked
1319,biography,318,hvd-32044068331941,卷之二十 seq 983–985,983,謹按先儒孫奇逢字鍾元容城人,high,primary_checked
1320,biography,319,hvd-32044068331941,卷之二十 seq 987–1030,987,劉宗周字起東山陰人,high,primary_checked
1321,biography,320,hvd-32044068331941,卷之二十 seq 1031–1033,1031,謹按先儒陸隴其字稼書平湖人,high,primary_checked
1322,biography,321,hvd-32044068331941,卷之二十一 seq 1035–1037,1035,謹按木金父公孔子之五世祖也,high,primary_checked
1323,biography,322,hvd-32044068331941,卷之二十一 seq 1039–1040,1039,謹按祈父公家語作睪夷孔子之高祖也,high,primary_checked
1324,biography,323,hvd-32044068331941,卷之二十一 seq 1041–1042,1041,謹按防叔公孔子之會祖也,high,primary_checked
1325,biography,324,hvd-32044068331941,卷之二十一 seq 1043–1044,1043,謹按伯夏公孔子之祖也,high,primary_checked
1326,biography,325,hvd-32044068331941,卷之二十一 seq 1045–1048,1045,謹按叔梁公名紇孔子之父也,high,primary_checked
1327,biography,326,hvd-32044068331941,卷之二十一 seq 1049–1050,1049,顏無繇字路路者顏回父,high,primary_checked
1328,biography,327,hvd-32044068331941,卷之二十一 seq 1051–1054,1051,謹按史記孔子世家云孔子生鯉字伯魚,high,primary_checked
1329,biography,328,hvd-32044068331941,卷之二十一 seq 1055–1056,1055,會葳字皙侍孔子,high,primary_checked
1330,biography,329,hvd-32044068331941,卷之二十一 seq 1057–1058,1057,謹按先賢孟孫氏名字未詳或日名激,high,primary_checked
1331,biography,330,hvd-32044068331941,卷之二十一 seq 1059–1060,1059,謹按先儒周輔成字伯大,high,primary_checked
1332,biography,331,hvd-32044068331941,卷之二十一 seq 1061–1064,1061,謹按先儒程珦程子之父也,high,primary_checked
1333,biography,332,hvd-32044068331941,卷之二十一 seq 1065–1072,1065,蔡元定字季通建州建陽人,high,primary_checked
1334,biography,333,hvd-32044068331941,卷之二十一 seq 1073–1074,1073,謹按先儒張迪大梁人張子之父也,high,primary_checked
1335,biography,334,hvd-32044068331941,卷之二十一 seq 1075–1076,1075,謹按先儒朱松朱子之父也,high,primary_checked
1336,biography,335,hvd-32044068331958,卷二 seq 41–79,41,周靈王二十年配魯襄公二十一年冬十月庚子孔子生,high,primary_checked
1337,biography,336,hvd-32044068331958,卷二 seq 80–87,80,孟子名刺字子輿,high,primary_checked
1338,biography,337,hvd-32044068331958,卷三 seq 89–90,89,秦商字不敢,high,primary_checked
1339,biography,338,hvd-32044068331958,卷三 seq 90,90,顏無關字季路魯人,high,primary_checked
1340,biography,339,hvd-32044068331958,卷三 seq 91–92,91,蒲大夫仲由字子路魯之卞人,high,primary_checked
1341,biography,340,hvd-32044068331958,卷三 seq 92–93,92,會葳字子皙魯南武城人,high,primary_checked
1342,biography,341,hvd-32044068331958,卷三 seq 93–94,93,漆雕開字子開蔡人,high,primary_checked
1343,biography,342,hvd-32044068331958,卷三 seq 94–96,94,閔損字子騫魯人,high,primary_checked
1344,biography,343,hvd-32044068331958,卷三 seq 96–97,96,冉雍字仲弓魯人伯牛之宗族,high,primary_checked
1345,biography,344,hvd-32044068331958,卷三 seq 97–98,97,冉求字子有魯人仲弓之宗族,high,primary_checked
1346,biography,345,hvd-32044068331958,卷三 seq 98–99,98,商瞿字子木魯人,high,primary_checked
1347,biography,346,hvd-32044068331958,卷三 seq 99,99,梁鱣字叔魚齊人,high,primary_checked
1348,biography,347,hvd-32044068331958,卷三 seq 99–101,99,顏回字子淵魯人,high,primary_checked
1349,biography,348,hvd-32044068331958,卷三 seq 101–103,101,衛士師高柴字子羔,high,primary_checked
1350,biography,349,hvd-32044068331958,卷三 seq 103–104,103,單父宰巫馬施宇子期,high,primary_checked
1351,biography,350,hvd-32044068331958,卷三 seq 104–105,104,魯衛相端木賜字子貢,high,primary_checked
1352,biography,351,hvd-32044068331958,卷三 seq 105–107,105,有若字子有,high,primary_checked
1353,biography,352,hvd-32044068331958,卷三 seq 107,107,樊須字子遲魯人,high,primary_checked
1354,biography,353,hvd-32044068331958,卷三 seq 108,108,原憲輔稱字子思宋人,high,primary_checked
1355,biography,354,hvd-32044068331958,卷三 seq 109–110,109,魯大夫澹臺滅明字子羽,high,primary_checked
1356,biography,355,hvd-32044068331958,卷三 seq 110–111,110,單父宰宓不齊字子賤魯人,high,primary_checked
1357,biography,356,hvd-32044068331958,卷三 seq 111–112,111,陳亢做字子禽陳人,high,primary_checked
1358,biography,357,hvd-32044068331958,卷三 seq 112–113,112,公西赤字子華魯人,high,primary_checked
1359,biography,358,hvd-32044068331958,卷三 seq 113–114,113,莒父宰卜商字子夏衛人,high,primary_checked
1360,biography,359,hvd-32044068331958,卷三 seq 114–116,114,武城宰言偃字子游吳人,high,primary_checked
1361,biography,360,hvd-32044068331958,卷三 seq 116–118,116,會參字子奧南武城人,high,primary_checked
1362,biography,361,hvd-32044068331958,卷三 seq 118,118,顏辛字子柳魯人,high,primary_checked
1363,biography,362,hvd-32044068331958,卷三 seq 119–120,119,顓孫師字子張陳人,high,primary_checked
1364,biography,363,hvd-32044068331958,卷三 seq 120,120,冉孺字子魯魯人,high,primary_checked
1365,biography,364,hvd-32044068331958,卷三 seq 120,120,曹卹字子循蔡人,high,primary_checked
1366,biography,365,hvd-32044068331958,卷三 seq 120,120,伯慶修囍字子析魯人,high,primary_checked
1367,biography,366,hvd-32044068331958,卷三 seq 120–121,120,顏高字子驕魯人,high,primary_checked
1368,biography,367,hvd-32044068331958,卷三 seq 121–122,121,叔仲會字子期魯人,high,primary_checked
1369,biography,368,hvd-32044068331958,卷三 seq 122,122,公孫龍字子石衛人,high,primary_checked
1370,biography,369,hvd-32044068331958,卷四 seq 131–132,131,中都宰冉耕字伯牛魯人,high,primary_checked
1371,biography,370,hvd-32044068331958,卷四 seq 132–133,132,臨淄大夫宰予宇子我魯人,high,primary_checked
1372,biography,371,hvd-32044068331958,卷四 seq 134,134,公冶長傢囍字子長魯人,high,primary_checked
1373,biography,372,hvd-32044068331958,卷四 seq 134–136,134,南宫組輸一名适字子容魯人,high,primary_checked
1374,biography,373,hvd-32044068331958,卷四 seq 136,136,公皙哀候囍字季次齊人,high,primary_checked
1375,biography,374,hvd-32044068331958,卷四 seq 136–137,136,公長孺字子正陳人,high,primary_checked
1377,biography,376,hvd-32044068331958,卷四 seq 137–138,137,琴牢字子開張字衛人,high,primary_checked
1376,biography,375,hvd-32044068331958,卷四 seq 137,137,司馬耕字子牛宋人,high,primary_checked
1379,biography,378,hvd-32044068331958,卷四 seq 138–139,138,奚容葳字子背衛人,high,primary_checked
1378,biography,377,hvd-32044068331958,卷四 seq 138,138,秦祖字子南秦人,high,primary_checked
1383,biography,382,hvd-32044068331958,卷四 seq 139,139,宰父黑字子素魯人,high,primary_checked
1384,biography,383,hvd-32044068331958,卷四 seq 139,139,公西蔵字子尙魯人,high,primary_checked
1386,biography,385,hvd-32044068331958,卷四 seq 139,139,冉季字子產魯人,high,primary_checked
1387,biography,386,hvd-32044068331958,卷四 seq 139–140,139,鄭國字子徒魯人,high,primary_checked
1385,biography,384,hvd-32044068331958,卷四 seq 139,139,壞傢駟赤字子從秦人,high,primary_checked
1380,biography,379,hvd-32044068331958,卷四 seq 139,139,公社句茲家語無字子之魯人,high,primary_checked
1381,biography,380,hvd-32044068331958,卷四 seq 139,139,廉潔字子庸衛人,high,primary_checked
1382,biography,381,hvd-32044068331958,卷四 seq 139,139,公西輿如嫁糯無字子上齊人,high,primary_checked
1388,biography,387,hvd-32044068331958,卷四 seq 140,140,后請處字子里齊人,high,primary_checked
1389,biography,388,hvd-32044068331958,卷四 seq 140,140,左人郢字子行魯人,high,primary_checked
1390,biography,389,hvd-32044068331958,卷四 seq 140,140,狄黑字子哲衛人,high,primary_checked
1391,biography,390,hvd-32044068331958,卷四 seq 140,140,商澤字子秀魯人,high,primary_checked
1392,biography,391,hvd-32044068331958,卷四 seq 140,140,任不齊字子選楚人,high,primary_checked
1393,biography,392,hvd-32044068331958,卷四 seq 140,140,榮族字子祺魯人,high,primary_checked
1397,biography,396,hvd-32044068331958,卷四 seq 141,141,秦非字子之魯人,high,primary_checked
1394,biography,393,hvd-32044068331958,卷四 seq 141,141,顏噲字子聲魯人,high,primary_checked
1395,biography,394,hvd-32044068331958,卷四 seq 141,141,原亢字子籍魯人,high,primary_checked
1396,biography,395,hvd-32044068331958,卷四 seq 141,141,公肩定球寶作字子中晉人,high,primary_checked
1398,biography,397,hvd-32044068331958,卷四 seq 141,141,漆雕徒父销能字子文魯人,high,primary_checked
1399,biography,398,hvd-32044068331958,卷四 seq 141,141,燕伋字子思泰人,high,primary_checked
1400,biography,399,hvd-32044068331958,卷四 seq 141,141,公夏守被記字子乗魯人,high,primary_checked
1401,biography,400,hvd-32044068331958,卷四 seq 141,141,勾井疆字子疆衛人,high,primary_checked
1402,biography,401,hvd-32044068331958,卷四 seq 142,142,步叔乘字子車齊人,high,primary_checked
1403,biography,402,hvd-32044068331958,卷四 seq 142,142,石作蜀字子明秦人,high,primary_checked
1404,biography,403,hvd-32044068331958,卷四 seq 142,142,邽巽字子飲魯人,high,primary_checked
1405,biography,404,hvd-32044068331958,卷四 seq 142,142,施之常字子恒魯人,high,primary_checked
1408,biography,407,hvd-32044068331958,卷四 seq 143,143,顏之僕字子叔魯人,high,primary_checked
1406,biography,405,hvd-32044068331958,卷四 seq 143,143,申棖字子續魯人,high,primary_checked
1407,biography,406,hvd-32044068331958,卷四 seq 143,143,樂效字子聲會人,high,primary_checked
1409,biography,408,hvd-32044068331958,卷四 seq 144,144,孔忠字子茂孔子兄孟皮子,high,primary_checked
1410,biography,409,hvd-32044068331958,卷四 seq 145,145,漆雕哆字子飲魯人,high,primary_checked
1412,biography,411,hvd-32044068331958,卷四 seq 145,145,顏相雙贏字子襄魯人,high,primary_checked
1411,biography,410,hvd-32044068331958,卷四 seq 145,145,縣成字子祺魯人,high,primary_checked
1415,biography,414,hvd-32044068331958,卷四 seq 146–147,146,顏何字子冉魯人,high,primary_checked
1414,biography,413,hvd-32044068331958,卷四 seq 146,146,秦冉字子開蔡人,high,primary_checked
1413,biography,412,hvd-32044068331958,卷四 seq 146,146,鄡單字子家,high,primary_checked
1416,biography,415,hvd-32044068331958,卷四 seq 147–149,147,魯太史左邱明,high,primary_checked
1417,biography,416,hvd-32044068331958,卷四 seq 149–150,149,衛大夫蘧瑗字伯玉,high,primary_checked
1419,biography,418,hvd-32044068331958,卷四 seq 150,150,縣直宇子象,high,primary_checked
1420,biography,419,hvd-32044068331958,卷四 seq 150–151,150,牧皮遭破注孟子云牧皮行與琴張會哲同,high,primary_checked
1418,biography,417,hvd-32044068331958,卷四 seq 150,150,林放字子邱魯人,high,primary_checked
1421,biography,420,hvd-32044068331958,卷四 seq 151–152,151,札鯉字伯魚宋贈泗水侯,high,primary_checked
1422,biography,421,hvd-32044068331958,卷四 seq 151–153,151,孔伋字子思宋赠沂水候,high,primary_checked
1423,biography,422,hvd-32044068331958,卷四 seq 160,160,樂正克以前為低陶淵明集八僑樂正朱贈利國侯,high,primary_checked
1424,biography,423,hvd-32044068331958,卷四 seq 160,160,公孫丑齊之世淵明集公孫丑宋贈壽光伯,high,primary_checked
1425,biography,424,hvd-32044068331958,卷四 seq 160,160,萬章真言七篇有功於孟子都請宋贈博典伯,high,primary_checked
1426,biography,425,hvd-32044068331958,卷四 seq 160,160,公都子宋贈平陰伯,high,primary_checked
1427,biography,426,hvd-32044068331958,卷七 seq 253–254,253,公羊傳序疏云公羊子名高齊人,high,primary_checked
1428,biography,427,hvd-32044068331958,卷七 seq 255–256,255,穀梁傳序疏云穀梁子名做字元始魯人一名赤,high,primary_checked
1429,biography,428,hvd-32044068331958,卷七 seq 257–258,257,"史記伏生傳
伏生活精字濟南人也",high,primary_checked
1430,biography,429,hvd-32044068331958,卷七 seq 259–260,259,史記高堂生傳,high,primary_checked
1431,biography,430,hvd-32044068331958,卷七 seq 261–263,261,"前漢書董仲舒傳
董仲舒廣川人也",high,primary_checked
1432,biography,431,hvd-32044068331958,卷七 seq 265–266,265,"前漢書孔安國傳
孔氏有古文尙書孔安國",high,primary_checked
1433,biography,432,hvd-32044068331958,卷七 seq 267–268,267,"前漢書后蒼傳
后蒼赫作字近君東海鄉人也",high,primary_checked
1434,biography,433,hvd-32044068331958,卷七 seq 269–270,269,"前漢書毛萇傳
毛公趙人也",high,primary_checked
1435,biography,434,hvd-32044068331958,卷七 seq 271–272,271,"杜子春後漢書無傳
東漢杜子春河南維氏人",high,primary_checked
1436,biography,435,hvd-32044068331958,卷七 seq 273–276,273,"後漢書鄭康成傳
鄭元字康成北海高密人也",high,primary_checked
1437,biography,436,hvd-32044068331958,卷七 seq 277–282,277,"三國志諸葛亮傳
諸葛亮字孔明瑯琊陽都人也",high,primary_checked
1438,biography,437,hvd-32044068331958,卷七 seq 283–286,283,"晉書范甯傳
范甯字武子",high,primary_checked
1439,biography,438,hvd-32044068331958,卷七 seq 287–290,287,文中子王通世家隋書無傳,high,primary_checked
1440,biography,439,hvd-32044068331958,卷七 seq 291–294,291,"唐書陸費傳
佳贄字敬輿蘇州嘉興人",high,primary_checked
1441,biography,440,hvd-32044068331958,卷七 seq 295–299,295,"唐書韓愈傳
韓愈字退之南陽鄧州人",high,primary_checked
1442,biography,441,hvd-32044068331958,卷八 seq 301–307,301,"宋史范仲淹傳
范仲淹字希文",high,primary_checked
1443,biography,442,hvd-32044068331958,卷八 seq 309–310,309,"朱史胡瑗傳
胡瑷字翼之泰州海陵人",high,primary_checked
1444,biography,443,hvd-32044068331958,卷八 seq 311–316,311,"宋史歐陽修傳
歐陽修字永叔廬陵人",high,primary_checked
1445,biography,444,hvd-32044068331958,卷八 seq 317–322,317,"宋史司馬光傳
司馬光字君實陝州夏縣人",high,primary_checked
1446,biography,445,hvd-32044068331958,卷八 seq 323–325,323,"宋史周敦頤傳
周敦厩字茂叔",high,primary_checked
1447,biography,446,hvd-32044068331958,卷八 seq 327–330,327,"宋史邵雍傳
邵雍字堯夫",high,primary_checked
1448,biography,447,hvd-32044068331958,卷八 seq 331–333,331,"宋史張載傳
張載字子厚長安人",high,primary_checked
1449,biography,448,hvd-32044068331958,卷八 seq 335–338,335,"宋史程顥傳
程顥字伯淳",high,primary_checked
1450,biography,449,hvd-32044068331958,卷八 seq 339–342,339,宋史程頤傳,high,primary_checked
1451,biography,450,hvd-32044068331958,卷八 seq 343–346,343,"宋史楊時傳
楊時字中立",high,primary_checked
1452,biography,451,hvd-32044068331958,卷八 seq 347–349,347,"宋史尹婷傳
尹惇字彥明世爲洛人",high,primary_checked
1453,biography,452,hvd-32044068331958,卷八 seq 351–352,351,"宋史羅從彥傳
羅從彥字仲素南劍人",high,primary_checked
1454,biography,453,hvd-32044068331958,卷八 seq 353–357,353,"宋史胡安國傳
胡安國字康侯建寧崇安人",high,primary_checked
1455,biography,454,hvd-32044068331958,卷九 seq 367–368,367,"宋史李侗傳
李侗宁愿中南劒州劒浦人",high,primary_checked
1456,biography,455,hvd-32044068331958,卷九 seq 369–375,369,"宋史朱熹傳
朱嘉字元晦一字仲晦徽州婺源人",high,primary_checked
1457,biography,456,hvd-32044068331958,卷九 seq 377–380,377,"栄史張状傳
張林字敬夫丞相浚子也",high,primary_checked
1458,biography,457,hvd-32044068331958,卷九 seq 381–382,381,"宋史吕祖謙傳
吕祖謙字伯恭",high,primary_checked
1459,biography,458,hvd-32044068331958,卷九 seq 383–386,383,"宋史陸九淵傳
陸九淵字子靜撫州金谿人",high,primary_checked
1460,biography,459,hvd-32044068331958,卷九 seq 387–388,387,"宋史蔡沈傳
蔡沈字仲默",high,primary_checked
1461,biography,460,hvd-32044068331958,卷九 seq 389–392,389,"宋史黄幹傳
黃幹字直卿福州閩縣人",high,primary_checked
1462,biography,461,hvd-32044068331958,卷九 seq 393–395,393,"宋史陳淳傳
陳淳字安卿",high,primary_checked
1463,biography,462,hvd-32044068331958,卷九 seq 397–400,397,"宋史真德秀傳
道德秀字景元建州浦城人",high,primary_checked
1464,biography,463,hvd-32044068331958,卷九 seq 401–404,401,"宋史魏了翁傳
魏了翁宇華父邛州",high,primary_checked
1465,biography,464,hvd-32044068331958,卷九 seq 405–406,405,何基字子恭婺州金華人,high,primary_checked
1466,biography,465,hvd-32044068331958,卷九 seq 407–408,407,"宋史王柏傳
王柏宇會之婺州金華人",high,primary_checked
1467,biography,466,hvd-32044068331958,卷九 seq 409–410,409,"元史類編陳澔傳續宏簡録
陳淵字雲柱江西都昌人",high,primary_checked
1468,biography,467,hvd-32044068331958,卷九 seq 411–412,411,"元史趙復傳
趙復字仁甫德安人也",high,primary_checked
1469,biography,468,hvd-32044068331958,卷九 seq 413–414,413,"元史金履祥傳
金履祥字吉夫婺之蘭谿人",high,primary_checked
1470,biography,469,hvd-32044068331958,卷九 seq 415–416,415,"元史許謙傳
許謙字益之",high,primary_checked
1471,biography,470,hvd-32044068331958,卷九 seq 417–420,417,許衡字仲平懷之河內人,high,primary_checked
1472,biography,471,hvd-32044068331958,卷九 seq 421–424,421,"元史吳澄傳
吳澄字幼清撫州江崇仁人",high,primary_checked
1473,biography,472,hvd-32044068331958,卷十 seq 425–428,425,"明史薛瑄傳
薛瑄字德溫",high,primary_checked
1474,biography,473,hvd-32044068331958,卷十 seq 429–430,429,胡居仁字叔心餘干場師人,high,primary_checked
1475,biography,474,hvd-32044068331958,卷十 seq 431–432,431,"明史陳獻章傳
陳獻章字公甫新會",high,primary_checked
1476,biography,475,hvd-32044068331958,卷十 seq 433–438,433,"明史王守仁傳
王守仁字伯安餘姚人",high,primary_checked
1477,biography,476,hvd-32044068331958,卷十 seq 439–440,439,"明史蔡清傳
蔡清宗介夫晉江",high,primary_checked
1478,biography,477,hvd-32044068331958,卷十 seq 441–442,441,"明史羅欽順傳
羅欽順字允升泰和",high,primary_checked
1479,biography,478,hvd-32044068331958,卷十 seq 443–444,443,"明史吕坤傳
吕坤字叔簡寧陵",high,primary_checked
1480,biography,479,hvd-32044068331958,卷十 seq 445–449,445,"明史黄道周傳
黄道周字幼平漳浦",high,primary_checked
1481,biography,480,hvd-32044068331958,卷十 seq 451–456,451,劉宗周字起東山陰人,high,primary_checked
1482,biography,481,hvd-32044068331958,卷十 seq 457–464,457,國史湯斌列傳,high,primary_checked
1483,biography,482,hvd-32044068331958,卷十 seq 465–471,465,國史陸隴其列傳,high,primary_checked
